﻿<?xml version='1.0' encoding='UTF-8'?>
<Options>
  <Bitmap32bit>
    <Bitmap>Source[local].Bitmap[GLOBAL_BAR_TOP]</Bitmap>
    <Bitmap>Source[local].Bitmap[GLOBAL_BAR_BOTTOM]</Bitmap>
    <Bitmap>Source[local].Bitmap[TempUp_ico]</Bitmap>
    <Bitmap>Source[local].Bitmap[TempDown_ico]</Bitmap>
    <Bitmap>Source[local].Bitmap[TempSteady_ico]</Bitmap>
    <Bitmap>Source[local].Bitmap[CONTROL_CHECKBOX_ON]</Bitmap>
    <Bitmap>Source[local].Bitmap[CONTROL_CHECKBOX_OFF]</Bitmap>
    <Bitmap>Source[local].Bitmap[Fire_orig]</Bitmap>
    <Bitmap>Source[local].Bitmap[TempTrend_ico]</Bitmap>
    <Bitmap>Source[local].Bitmap[Fire_cfg_ico]</Bitmap>
    <Bitmap>Source[local].Bitmap[Cfg_ico]</Bitmap>
    <Bitmap>Source[local].Bitmap[Fire_32]</Bitmap>
    <Bitmap>Source[local].Bitmap[Fire_32_bw]</Bitmap>
    <Bitmap>Source[local].Bitmap[Fire_bw_ico]</Bitmap>
    <Bitmap>Source[local].Bitmap[Fire_ico]</Bitmap>
    <Bitmap>Source[local].Bitmap[Down_ico]</Bitmap>
    <Bitmap>Source[local].Bitmap[Minus_32]</Bitmap>
    <Bitmap>Source[local].Bitmap[Minus_orig]</Bitmap>
    <Bitmap>Source[local].Bitmap[Plus_32]</Bitmap>
    <Bitmap>Source[local].Bitmap[Plus_orig]</Bitmap>
    <Bitmap>Source[local].Bitmap[Up_ico]</Bitmap>
    <Bitmap>Source[local].Bitmap[exit_32]</Bitmap>
    <Bitmap>Source[local].Bitmap[exit_32_bw]</Bitmap>
    <Bitmap>Source[local].Bitmap[exit_orig]</Bitmap>
    <Bitmap>Source[local].Bitmap[disk_32]</Bitmap>
    <Bitmap>Source[local].Bitmap[disk_orig]</Bitmap>
    <Bitmap>Source[local].Bitmap[folder_32]</Bitmap>
    <Bitmap>Source[local].Bitmap[folder_orig]</Bitmap>
    <Bitmap>Source[local].Bitmap[water_drop_32]</Bitmap>
    <Bitmap>Source[local].Bitmap[water_drop_orig]</Bitmap>
    <Bitmap>Source[local].Bitmap[water_drop_ico]</Bitmap>
    <Bitmap>Source[local].Bitmap[analyze_orig]</Bitmap>
    <Bitmap>Source[local].Bitmap[Stethoscope_ico]</Bitmap>
    <Bitmap>Source[local].Bitmap[Stethoscope_orig]</Bitmap>
    <Bitmap>Source[local].Bitmap[analyze_ico]</Bitmap>
    <Bitmap>Source[local].Bitmap[ok_ico]</Bitmap>
    <Bitmap>Source[local].Bitmap[not_ok_ico]</Bitmap>
    <Bitmap>Source[local].Bitmap[blank24_ico]</Bitmap>
    <Bitmap>Source[local].Bitmap[set_time_ico]</Bitmap>
    <Bitmap>Source[local].Bitmap[display_cal_ico]</Bitmap>
    <Bitmap>Source[local].Bitmap[bms_topology]</Bitmap>
    <Bitmap>Source[local].Bitmap[screen_cleaner_orig]</Bitmap>
    <Bitmap>Source[local].Bitmap[screen_cleaner_ico]</Bitmap>
    <Bitmap>Source[local].Bitmap[folder_24]</Bitmap>
    <Bitmap>Source[local].Bitmap[disk_24]</Bitmap>
    <Bitmap>Source[local].Bitmap[water_cfg_ico]</Bitmap>
    <Bitmap>Source[local].Bitmap[bms_cfg_ico]</Bitmap>
    <Bitmap>Source[local].Bitmap[warning_ico]</Bitmap>
    <Bitmap>Source[local].Bitmap[fire_diag_ico]</Bitmap>
    <Bitmap>Source[local].Bitmap[hls]</Bitmap>
    <Bitmap>Source[local].Bitmap[AlarmInactiveNew]</Bitmap>
    <Bitmap>Source[local].Bitmap[AlarmActiveNew]</Bitmap>
  </Bitmap32bit>
</Options>