<?xml version = "1.0"?>
<?Profiler Version = 1.0?>
<?xml-stylesheet type="text/xsl" href="Profiler.xsl"?>
<!--Profiler generated XML File-->
<Profiler TITLE="Profiler Results" AUTHOR="BuR AutomationStudio: Profiler">
	<Definition CONTENT="Definition Module">
		<Profiler>2</Profiler>
		<LogEvent Event="0x00000007">
			<EventType>Task switch</EventType>
			<EventType>IRQ handler</EventType>
			<EventType>Cyclic tasks</EventType>
		</LogEvent>
		<LogMode Mode="0x00000000">Logging until buffer is full</LogMode>
		<BufferSize>102400</BufferSize>
		<AddDataSize>0</AddDataSize>
	</Definition>
	<Data>
		<Header CONTENT="Data Module: Header">
			<Version>2</Version>
			<StartOffset>0</StartOffset>
			<StopOffset>6399</StopOffset>
			<ProfileState>6</ProfileState>
			<ObjectCnt>83</ObjectCnt>
			<DataCnt>6400</DataCnt>
			<TicksPerUsec>1.000</TicksPerUsec>
			<Time>
				<Year>2005</Year>
				<Month>07</Month>
				<Day>01</Day>
				<Reserve>5</Reserve>
				<Hour>18</Hour>
				<Minute>55</Minute>
				<Second>26</Second>
				<Millisec>568</Millisec>
			</Time>
		</Header>
		<ProfiledObj CONTENT="Data Module: ProfilesObjects">
			<Library>
			</Library>
			<Objects>
				<ProfObject ObjectId="0x01d57090">
					<ObjectName>Cyclic #1</ObjectName>
					<ObjectPriority>230</ObjectPriority>
					<StackSize>8076</StackSize>
					<StackFree>7888</StackFree>
					<StackSizeSV>0</StackSizeSV>
					<StackFreeSV>0</StackFreeSV>
				</ProfObject>
				<ProfObject ObjectId="0x01d54e5c">
					<ObjectName>Cyclic #2</ObjectName>
					<ObjectPriority>218</ObjectPriority>
					<StackSize>8076</StackSize>
					<StackFree>7860</StackFree>
					<StackSizeSV>0</StackSizeSV>
					<StackFreeSV>0</StackFreeSV>
				</ProfObject>
				<ProfObject ObjectId="0x01d52c28">
					<ObjectName>Cyclic #3</ObjectName>
					<ObjectPriority>200</ObjectPriority>
					<StackSize>8076</StackSize>
					<StackFree>7416</StackFree>
					<StackSizeSV>0</StackSizeSV>
					<StackFreeSV>0</StackFreeSV>
				</ProfObject>
				<ProfObject ObjectId="0x01d509f4">
					<ObjectName>Cyclic #4</ObjectName>
					<ObjectPriority>198</ObjectPriority>
					<StackSize>8076</StackSize>
					<StackFree>7144</StackFree>
					<StackSizeSV>0</StackSizeSV>
					<StackFreeSV>0</StackFreeSV>
				</ProfObject>
				<ProfObject ObjectId="0x01d4e7c0">
					<ObjectName>Cyclic #5</ObjectName>
					<ObjectPriority>196</ObjectPriority>
					<StackSize>8076</StackSize>
					<StackFree>7840</StackFree>
					<StackSizeSV>0</StackSizeSV>
					<StackFreeSV>0</StackFreeSV>
				</ProfObject>
				<ProfObject ObjectId="0x01d4c58c">
					<ObjectName>Cyclic #6</ObjectName>
					<ObjectPriority>194</ObjectPriority>
					<StackSize>8076</StackSize>
					<StackFree>7808</StackFree>
					<StackSizeSV>0</StackSizeSV>
					<StackFreeSV>0</StackFreeSV>
				</ProfObject>
				<ProfObject ObjectId="0x01d4a358">
					<ObjectName>Cyclic #7</ObjectName>
					<ObjectPriority>192</ObjectPriority>
					<StackSize>8076</StackSize>
					<StackFree>7888</StackFree>
					<StackSizeSV>0</StackSizeSV>
					<StackFreeSV>0</StackFreeSV>
				</ProfObject>
				<ProfObject ObjectId="0x01d48124">
					<ObjectName>Cyclic #8</ObjectName>
					<ObjectPriority>190</ObjectPriority>
					<StackSize>8076</StackSize>
					<StackFree>7844</StackFree>
					<StackSizeSV>0</StackSizeSV>
					<StackFreeSV>0</StackFreeSV>
				</ProfObject>
				<ProfObject ObjectId="0x01d48124">
					<ObjectName>tExcTask</ObjectName>
					<ObjectPriority>255</ObjectPriority>
					<StackSize>7988</StackSize>
					<StackFree>7768</StackFree>
					<StackSizeSV>0</StackSizeSV>
					<StackFreeSV>0</StackFreeSV>
				</ProfObject>
				<ProfObject ObjectId="0x01d48124">
					<ObjectName>tDcacheUpd</ObjectName>
					<ObjectPriority>5</ObjectPriority>
					<StackSize>4880</StackSize>
					<StackFree>4592</StackFree>
					<StackSizeSV>0</StackSizeSV>
					<StackFreeSV>0</StackFreeSV>
				</ProfObject>
				<ProfObject ObjectId="0x01d48124">
					<ObjectName>tNetTask</ObjectName>
					<ObjectPriority>205</ObjectPriority>
					<StackSize>9988</StackSize>
					<StackFree>9044</StackFree>
					<StackSizeSV>0</StackSizeSV>
					<StackFreeSV>0</StackFreeSV>
				</ProfObject>
				<ProfObject ObjectId="0x01d48124">
					<ObjectName>tPortmapd</ObjectName>
					<ObjectPriority>155</ObjectPriority>
					<StackSize>4988</StackSize>
					<StackFree>4472</StackFree>
					<StackSizeSV>0</StackSizeSV>
					<StackFreeSV>0</StackFreeSV>
				</ProfObject>
				<ProfObject ObjectId="0x01d48124">
					<ObjectName>tWdbTask</ObjectName>
					<ObjectPriority>252</ObjectPriority>
					<StackSize>3976</StackSize>
					<StackFree>3412</StackFree>
					<StackSizeSV>0</StackSizeSV>
					<StackFreeSV>0</StackFreeSV>
				</ProfObject>
				<ProfObject ObjectId="0x01d48124">
					<ObjectName>tBAR_RTK</ObjectName>
					<ObjectPriority>55</ObjectPriority>
					<StackSize>2988</StackSize>
					<StackFree>1016</StackFree>
					<StackSizeSV>0</StackSizeSV>
					<StackFreeSV>0</StackFreeSV>
				</ProfObject>
				<ProfObject ObjectId="0x01d48124">
					<ObjectName>RtcSync</ObjectName>
					<ObjectPriority>5</ObjectPriority>
					<StackSize>3980</StackSize>
					<StackFree>3664</StackFree>
					<StackSizeSV>0</StackSizeSV>
					<StackFreeSV>0</StackFreeSV>
				</ProfObject>
				<ProfObject ObjectId="0x01d48124">
					<ObjectName>ROOT</ObjectName>
					<ObjectPriority>100</ObjectPriority>
					<StackSize>16268</StackSize>
					<StackFree>10820</StackFree>
					<StackSizeSV>0</StackSizeSV>
					<StackFreeSV>0</StackFreeSV>
				</ProfObject>
				<ProfObject ObjectId="0x01d48124">
					<ObjectName>NvFlushHandler</ObjectName>
					<ObjectPriority>85</ObjectPriority>
					<StackSize>3972</StackSize>
					<StackFree>3788</StackFree>
					<StackSizeSV>0</StackSizeSV>
					<StackFreeSV>0</StackFreeSV>
				</ProfObject>
				<ProfObject ObjectId="0x01d48124">
					<ObjectName>ArException</ObjectName>
					<ObjectPriority>254</ObjectPriority>
					<StackSize>3976</StackSize>
					<StackFree>3804</StackFree>
					<StackSizeSV>0</StackSizeSV>
					<StackFreeSV>0</StackFreeSV>
				</ProfObject>
				<ProfObject ObjectId="0x01d48124">
					<ObjectName>ARRegNvHandler</ObjectName>
					<ObjectPriority>85</ObjectPriority>
					<StackSize>3972</StackSize>
					<StackFree>2040</StackFree>
					<StackSizeSV>0</StackSizeSV>
					<StackFreeSV>0</StackFreeSV>
				</ProfObject>
				<ProfObject ObjectId="0x01d48124">
					<ObjectName>tFtpdTask</ObjectName>
					<ObjectPriority>200</ObjectPriority>
					<StackSize>11988</StackSize>
					<StackFree>11700</StackFree>
					<StackSizeSV>0</StackSizeSV>
					<StackFreeSV>0</StackFreeSV>
				</ProfObject>
				<ProfObject ObjectId="0x01d48124">
					<ObjectName>DatObjAlloc</ObjectName>
					<ObjectPriority>79</ObjectPriority>
					<StackSize>3976</StackSize>
					<StackFree>3712</StackFree>
					<StackSizeSV>0</StackSizeSV>
					<StackFreeSV>0</StackFreeSV>
				</ProfObject>
				<ProfObject ObjectId="0x01d48124">
					<ObjectName>IF3</ObjectName>
					<ObjectPriority>224</ObjectPriority>
					<StackSize>3984</StackSize>
					<StackFree>3328</StackFree>
					<StackSizeSV>0</StackSizeSV>
					<StackFreeSV>0</StackFreeSV>
				</ProfObject>
				<ProfObject ObjectId="0x01d48124">
					<ObjectName>tDhcpsTask</ObjectName>
					<ObjectPriority>75</ObjectPriority>
					<StackSize>4988</StackSize>
					<StackFree>4304</StackFree>
					<StackSizeSV>0</StackSizeSV>
					<StackFreeSV>0</StackFreeSV>
				</ProfObject>
				<ProfObject ObjectId="0x01d48124">
					<ObjectName>FileIO</ObjectName>
					<ObjectPriority>90</ObjectPriority>
					<StackSize>6104</StackSize>
					<StackFree>5680</StackFree>
					<StackSizeSV>0</StackSizeSV>
					<StackFreeSV>0</StackFreeSV>
				</ProfObject>
				<ProfObject ObjectId="0x01d48124">
					<ObjectName>sysman</ObjectName>
					<ObjectPriority>220</ObjectPriority>
					<StackSize>3980</StackSize>
					<StackFree>2676</StackFree>
					<StackSizeSV>0</StackSizeSV>
					<StackFreeSV>0</StackFreeSV>
				</ProfObject>
				<ProfObject ObjectId="0x01d48124">
					<ObjectName>sysserv</ObjectName>
					<ObjectPriority>89</ObjectPriority>
					<StackSize>3980</StackSize>
					<StackFree>2780</StackFree>
					<StackSizeSV>0</StackSizeSV>
					<StackFreeSV>0</StackFreeSV>
				</ProfObject>
				<ProfObject ObjectId="0x01d48124">
					<ObjectName>applader</ObjectName>
					<ObjectPriority>80</ObjectPriority>
					<StackSize>16264</StackSize>
					<StackFree>15036</StackFree>
					<StackSizeSV>0</StackSizeSV>
					<StackFreeSV>0</StackFreeSV>
				</ProfObject>
				<ProfObject ObjectId="0x01d48124">
					<ObjectName>cs_brmod</ObjectName>
					<ObjectPriority>87</ObjectPriority>
					<StackSize>3308</StackSize>
					<StackFree>2308</StackFree>
					<StackSizeSV>0</StackSizeSV>
					<StackFreeSV>0</StackFreeSV>
				</ProfObject>
				<ProfObject ObjectId="0x01d48124">
					<ObjectName>dbtracer</ObjectName>
					<ObjectPriority>86</ObjectPriority>
					<StackSize>3308</StackSize>
					<StackFree>2848</StackFree>
					<StackSizeSV>0</StackSizeSV>
					<StackFreeSV>0</StackFreeSV>
				</ProfObject>
				<ProfObject ObjectId="0x01d48124">
					<ObjectName>profiler</ObjectName>
					<ObjectPriority>86</ObjectPriority>
					<StackSize>3976</StackSize>
					<StackFree>2644</StackFree>
					<StackSizeSV>0</StackSizeSV>
					<StackFreeSV>0</StackFreeSV>
				</ProfObject>
				<ProfObject ObjectId="0x01d48124">
					<ObjectName>canio</ObjectName>
					<ObjectPriority>235</ObjectPriority>
					<StackSize>3980</StackSize>
					<StackFree>3412</StackFree>
					<StackSizeSV>0</StackSizeSV>
					<StackFreeSV>0</StackFreeSV>
				</ProfObject>
				<ProfObject ObjectId="0x01d48124">
					<ObjectName>dhcp</ObjectName>
					<ObjectPriority>50</ObjectPriority>
					<StackSize>3980</StackSize>
					<StackFree>3172</StackFree>
					<StackSizeSV>0</StackSizeSV>
					<StackFreeSV>0</StackFreeSV>
				</ProfObject>
				<ProfObject ObjectId="0x01d48124">
					<ObjectName>inaiqdrv</ObjectName>
					<ObjectPriority>88</ObjectPriority>
					<StackSize>8072</StackSize>
					<StackFree>5816</StackFree>
					<StackSizeSV>0</StackSizeSV>
					<StackFreeSV>0</StackFreeSV>
				</ProfObject>
				<ProfObject ObjectId="0x01d48124">
					<ObjectName>lociqdrv</ObjectName>
					<ObjectPriority>88</ObjectPriority>
					<StackSize>8072</StackSize>
					<StackFree>7280</StackFree>
					<StackSizeSV>0</StackSizeSV>
					<StackFreeSV>0</StackFreeSV>
				</ProfObject>
				<ProfObject ObjectId="0x01d48124">
					<ObjectName>isaiqdrv</ObjectName>
					<ObjectPriority>88</ObjectPriority>
					<StackSize>8072</StackSize>
					<StackFree>7200</StackFree>
					<StackSizeSV>0</StackSizeSV>
					<StackFreeSV>0</StackFreeSV>
				</ProfObject>
				<ProfObject ObjectId="0x01d48124">
					<ObjectName>hmi</ObjectName>
					<ObjectPriority>82</ObjectPriority>
					<StackSize>35888</StackSize>
					<StackFree>32324</StackFree>
					<StackSizeSV>0</StackSizeSV>
					<StackFreeSV>0</StackFreeSV>
				</ProfObject>
				<ProfObject ObjectId="0x01d48124">
					<ObjectName>arou</ObjectName>
					<ObjectPriority>90</ObjectPriority>
					<StackSize>3980</StackSize>
					<StackFree>3224</StackFree>
					<StackSizeSV>0</StackSizeSV>
					<StackFreeSV>0</StackFreeSV>
				</ProfObject>
				<ProfObject ObjectId="0x01d48124">
					<ObjectName>KeyManager_hmi</ObjectName>
					<ObjectPriority>87</ObjectPriority>
					<StackSize>19876</StackSize>
					<StackFree>19116</StackFree>
					<StackSizeSV>0</StackSizeSV>
					<StackFreeSV>0</StackFreeSV>
				</ProfObject>
				<ProfObject ObjectId="0x01d48124">
					<ObjectName>_TEVCYCLIC_01d45cbc_000186a0</ObjectName>
					<ObjectPriority>83</ObjectPriority>
					<StackSize>884</StackSize>
					<StackFree>700</StackFree>
					<StackSizeSV>0</StackSizeSV>
					<StackFreeSV>0</StackFreeSV>
				</ProfObject>
				<ProfObject ObjectId="0x01d48124">
					<ObjectName>_TEVCYCLIC_01d45cbc_000f4240</ObjectName>
					<ObjectPriority>83</ObjectPriority>
					<StackSize>884</StackSize>
					<StackFree>716</StackFree>
					<StackSizeSV>0</StackSizeSV>
					<StackFreeSV>0</StackFreeSV>
				</ProfObject>
				<ProfObject ObjectId="0x01d48124">
					<ObjectName>t1</ObjectName>
					<ObjectPriority>95</ObjectPriority>
					<StackSize>3984</StackSize>
					<StackFree>3768</StackFree>
					<StackSizeSV>0</StackSizeSV>
					<StackFreeSV>0</StackFreeSV>
				</ProfObject>
				<ProfObject ObjectId="0x01d48124">
					<ObjectName>SfEvHandler_60</ObjectName>
					<ObjectPriority>222</ObjectPriority>
					<StackSize>3972</StackSize>
					<StackFree>3712</StackFree>
					<StackSizeSV>0</StackSizeSV>
					<StackFreeSV>0</StackFreeSV>
				</ProfObject>
				<ProfObject ObjectId="0x01d48124">
					<ObjectName>FBEthReceive</ObjectName>
					<ObjectPriority>94</ObjectPriority>
					<StackSize>16260</StackSize>
					<StackFree>15156</StackFree>
					<StackSizeSV>0</StackSizeSV>
					<StackFreeSV>0</StackFreeSV>
				</ProfObject>
				<ProfObject ObjectId="0x01d48124">
					<ObjectName>FBEthSend</ObjectName>
					<ObjectPriority>93</ObjectPriority>
					<StackSize>16264</StackSize>
					<StackFree>15004</StackFree>
					<StackSizeSV>0</StackSizeSV>
					<StackFreeSV>0</StackFreeSV>
				</ProfObject>
				<ProfObject ObjectId="0x01d48124">
					<ObjectName>TKIdleFiller</ObjectName>
					<ObjectPriority>3</ObjectPriority>
					<StackSize>900</StackSize>
					<StackFree>636</StackFree>
					<StackSizeSV>0</StackSizeSV>
					<StackFreeSV>0</StackFreeSV>
				</ProfObject>
				<ProfObject ObjectId="0x01d48124">
					<ObjectName>IoSchedulerMain</ObjectName>
					<ObjectPriority>253</ObjectPriority>
					<StackSize>3972</StackSize>
					<StackFree>3596</StackFree>
					<StackSizeSV>0</StackSizeSV>
					<StackFreeSV>0</StackFreeSV>
				</ProfObject>
				<ProfObject ObjectId="0x01d48124">
					<ObjectName>t2</ObjectName>
					<ObjectPriority>253</ObjectPriority>
					<StackSize>912</StackSize>
					<StackFree>584</StackFree>
					<StackSizeSV>0</StackSizeSV>
					<StackFreeSV>0</StackFreeSV>
				</ProfObject>
				<ProfObject ObjectId="0x01d48124">
					<ObjectName>_TEVCYCLIC_01d30028_00002710</ObjectName>
					<ObjectPriority>91</ObjectPriority>
					<StackSize>884</StackSize>
					<StackFree>616</StackFree>
					<StackSizeSV>0</StackSizeSV>
					<StackFreeSV>0</StackFreeSV>
				</ProfObject>
				<ProfObject ObjectId="0x01d48124">
					<ObjectName>_TEVCYCLIC_01d5d72c_0000c350</ObjectName>
					<ObjectPriority>89</ObjectPriority>
					<StackSize>884</StackSize>
					<StackFree>716</StackFree>
					<StackSizeSV>0</StackSizeSV>
					<StackFreeSV>0</StackFreeSV>
				</ProfObject>
				<ProfObject ObjectId="0x01d48124">
					<ObjectName>_TEVCYCLIC_01d5b4f8_0000c350</ObjectName>
					<ObjectPriority>89</ObjectPriority>
					<StackSize>884</StackSize>
					<StackFree>636</StackFree>
					<StackSizeSV>0</StackSizeSV>
					<StackFreeSV>0</StackFreeSV>
				</ProfObject>
				<ProfObject ObjectId="0x01d48124">
					<ObjectName>_TEVCYCLIC_01d592c4_0000c350</ObjectName>
					<ObjectPriority>89</ObjectPriority>
					<StackSize>884</StackSize>
					<StackFree>636</StackFree>
					<StackSizeSV>0</StackSizeSV>
					<StackFreeSV>0</StackFreeSV>
				</ProfObject>
				<ProfObject ObjectId="0x01d48124">
					<ObjectName>InaEvChk</ObjectName>
					<ObjectPriority>79</ObjectPriority>
					<StackSize>3976</StackSize>
					<StackFree>3256</StackFree>
					<StackSizeSV>0</StackSizeSV>
					<StackFreeSV>0</StackFreeSV>
				</ProfObject>
				<ProfObject ObjectId="0x01d48124">
					<ObjectName>t3</ObjectName>
					<ObjectPriority>225</ObjectPriority>
					<StackSize>888</StackSize>
					<StackFree>772</StackFree>
					<StackSizeSV>0</StackSizeSV>
					<StackFreeSV>0</StackFreeSV>
				</ProfObject>
				<ProfObject ObjectId="0x01d48124">
					<ObjectName>t4</ObjectName>
					<ObjectPriority>95</ObjectPriority>
					<StackSize>3984</StackSize>
					<StackFree>3552</StackFree>
					<StackSizeSV>0</StackSizeSV>
					<StackFreeSV>0</StackFreeSV>
				</ProfObject>
				<ProfObject ObjectId="0x01d48124">
					<ObjectName>SfEvHandler_7c</ObjectName>
					<ObjectPriority>222</ObjectPriority>
					<StackSize>3972</StackSize>
					<StackFree>3728</StackFree>
					<StackSizeSV>0</StackSizeSV>
					<StackFreeSV>0</StackFreeSV>
				</ProfObject>
				<ProfObject ObjectId="0x01d48124">
					<ObjectName>_TEVCYCLIC_01cbdbd8_00002710</ObjectName>
					<ObjectPriority>80</ObjectPriority>
					<StackSize>884</StackSize>
					<StackFree>644</StackFree>
					<StackSizeSV>0</StackSizeSV>
					<StackFreeSV>0</StackFreeSV>
				</ProfObject>
				<ProfObject ObjectId="0x01d48124">
					<ObjectName>_TEVCYCLIC_01d5e960_000186a0</ObjectName>
					<ObjectPriority>51</ObjectPriority>
					<StackSize>884</StackSize>
					<StackFree>716</StackFree>
					<StackSizeSV>0</StackSizeSV>
					<StackFreeSV>0</StackFreeSV>
				</ProfObject>
				<ProfObject ObjectId="0x01d48124">
					<ObjectName>_TEVCYCLIC_01d2abac_0000c350</ObjectName>
					<ObjectPriority>88</ObjectPriority>
					<StackSize>884</StackSize>
					<StackFree>612</StackFree>
					<StackSizeSV>0</StackSizeSV>
					<StackFreeSV>0</StackFreeSV>
				</ProfObject>
				<ProfObject ObjectId="0x01d48124">
					<ObjectName>PI_WRITE</ObjectName>
					<ObjectPriority>60</ObjectPriority>
					<StackSize>19880</StackSize>
					<StackFree>19620</StackFree>
					<StackSizeSV>0</StackSizeSV>
					<StackFreeSV>0</StackFreeSV>
				</ProfObject>
				<ProfObject ObjectId="0x01d48124">
					<ObjectName>IDLE</ObjectName>
					<ObjectPriority>1</ObjectPriority>
					<StackSize>1932</StackSize>
					<StackFree>1892</StackFree>
					<StackSizeSV>0</StackSizeSV>
					<StackFreeSV>0</StackFreeSV>
				</ProfObject>
			</Objects>
		</ProfiledObj>
		<Logging CONTENT="Data Module: Logging">
			<Entries>
			</Entries>
		</Logging>
	</Data>
	<Interpretation CONTENT="Logging Results">
		<Version>2</Version>
		<Calculation>
			<Result>
				<ObjectName>Cyclic #3</ObjectName>
				<ObjectType>System task: Cyclic #3</ObjectType>
				<CallCnt>27</CallCnt>
				<NettoMaxTime>964.00</NettoMaxTime>
				<NettoMinTime>857.00</NettoMinTime>
				<NettoAverageTime>879.85</NettoAverageTime>
				<BruttoMaxTime>1357.00</BruttoMaxTime>
				<BruttoMinTime>857.00</BruttoMinTime>
				<BruttoAverageTime>961.81</BruttoAverageTime>
				<CpuUsage>1.78</CpuUsage>
			</Result>
			<Result>
				<ObjectName>hs_con</ObjectName>
				<ObjectType>Cyclic task: Cyclic #3</ObjectType>
				<CallCnt>27</CallCnt>
				<NettoMaxTime>282.00</NettoMaxTime>
				<NettoMinTime>214.00</NettoMinTime>
				<NettoAverageTime>217.41</NettoAverageTime>
				<BruttoMaxTime>449.00</BruttoMaxTime>
				<BruttoMinTime>214.00</BruttoMinTime>
				<BruttoAverageTime>223.59</BruttoAverageTime>
				<CpuUsage>0.44</CpuUsage>
			</Result>
			<Result>
				<ObjectName>mp_bms</ObjectName>
				<ObjectType>Cyclic task: Cyclic #3</ObjectType>
				<CallCnt>27</CallCnt>
				<NettoMaxTime>265.00</NettoMaxTime>
				<NettoMinTime>213.00</NettoMinTime>
				<NettoAverageTime>216.81</NettoAverageTime>
				<BruttoMaxTime>491.00</BruttoMaxTime>
				<BruttoMinTime>213.00</BruttoMinTime>
				<BruttoAverageTime>225.19</BruttoAverageTime>
				<CpuUsage>0.44</CpuUsage>
			</Result>
			<Result>
				<ObjectName>ip_con</ObjectName>
				<ObjectType>Cyclic task: Cyclic #3</ObjectType>
				<CallCnt>27</CallCnt>
				<NettoMaxTime>131.00</NettoMaxTime>
				<NettoMinTime>61.00</NettoMinTime>
				<NettoAverageTime>63.96</NettoAverageTime>
				<BruttoMaxTime>311.00</BruttoMaxTime>
				<BruttoMinTime>61.00</BruttoMinTime>
				<BruttoAverageTime>70.63</BruttoAverageTime>
				<CpuUsage>0.13</CpuUsage>
			</Result>
			<Result>
				<ObjectName>rcp_cpy</ObjectName>
				<ObjectType>Cyclic task: Cyclic #3</ObjectType>
				<CallCnt>27</CallCnt>
				<NettoMaxTime>248.00</NettoMaxTime>
				<NettoMinTime>160.00</NettoMinTime>
				<NettoAverageTime>163.67</NettoAverageTime>
				<BruttoMaxTime>431.00</BruttoMaxTime>
				<BruttoMinTime>160.00</BruttoMinTime>
				<BruttoAverageTime>170.44</BruttoAverageTime>
				<CpuUsage>0.33</CpuUsage>
			</Result>
			<Result>
				<ObjectName>Cyclic #4</ObjectName>
				<ObjectType>System task: Cyclic #4</ObjectType>
				<CallCnt>13</CallCnt>
				<NettoMaxTime>737.00</NettoMaxTime>
				<NettoMinTime>561.00</NettoMinTime>
				<NettoAverageTime>608.15</NettoAverageTime>
				<BruttoMaxTime>1225.00</BruttoMaxTime>
				<BruttoMinTime>561.00</BruttoMinTime>
				<BruttoAverageTime>714.77</BruttoAverageTime>
				<CpuUsage>0.59</CpuUsage>
			</Result>
			<Result>
				<ObjectName>scrsht</ObjectName>
				<ObjectType>Cyclic task: Cyclic #4</ObjectType>
				<CallCnt>13</CallCnt>
				<NettoMaxTime>15.00</NettoMaxTime>
				<NettoMinTime>13.00</NettoMinTime>
				<NettoAverageTime>14.15</NettoAverageTime>
				<BruttoMaxTime>15.00</BruttoMaxTime>
				<BruttoMinTime>13.00</BruttoMinTime>
				<BruttoAverageTime>14.15</BruttoAverageTime>
				<CpuUsage>0.01</CpuUsage>
			</Result>
			<Result>
				<ObjectName>hmi_con</ObjectName>
				<ObjectType>Cyclic task: Cyclic #4</ObjectType>
				<CallCnt>13</CallCnt>
				<NettoMaxTime>263.00</NettoMaxTime>
				<NettoMinTime>207.00</NettoMinTime>
				<NettoAverageTime>214.46</NettoAverageTime>
				<BruttoMaxTime>659.00</BruttoMaxTime>
				<BruttoMinTime>207.00</BruttoMinTime>
				<BruttoAverageTime>244.92</BruttoAverageTime>
				<CpuUsage>0.21</CpuUsage>
			</Result>
			<Result>
				<ObjectName>alarm</ObjectName>
				<ObjectType>Cyclic task: Cyclic #4</ObjectType>
				<CallCnt>13</CallCnt>
				<NettoMaxTime>35.00</NettoMaxTime>
				<NettoMinTime>32.00</NettoMinTime>
				<NettoAverageTime>33.77</NettoAverageTime>
				<BruttoMaxTime>35.00</BruttoMaxTime>
				<BruttoMinTime>32.00</BruttoMinTime>
				<BruttoAverageTime>33.77</BruttoAverageTime>
				<CpuUsage>0.03</CpuUsage>
			</Result>
			<Result>
				<ObjectName>rep_com</ObjectName>
				<ObjectType>Cyclic task: Cyclic #4</ObjectType>
				<CallCnt>13</CallCnt>
				<NettoMaxTime>298.00</NettoMaxTime>
				<NettoMinTime>181.00</NettoMinTime>
				<NettoAverageTime>202.00</NettoAverageTime>
				<BruttoMaxTime>410.00</BruttoMaxTime>
				<BruttoMinTime>181.00</BruttoMinTime>
				<BruttoAverageTime>211.46</BruttoAverageTime>
				<CpuUsage>0.20</CpuUsage>
			</Result>
			<Result>
				<ObjectName>tDcacheUpd</ObjectName>
				<ObjectType>System task</ObjectType>
				<CallCnt>6</CallCnt>
				<NettoMaxTime>242.00</NettoMaxTime>
				<NettoMinTime>237.00</NettoMinTime>
				<NettoAverageTime>239.33</NettoAverageTime>
				<BruttoMaxTime>242.00</BruttoMaxTime>
				<BruttoMinTime>237.00</BruttoMinTime>
				<BruttoAverageTime>239.33</BruttoAverageTime>
				<CpuUsage>0.11</CpuUsage>
			</Result>
			<Result>
				<ObjectName>tNetTask</ObjectName>
				<ObjectType>System task</ObjectType>
				<CallCnt>55</CallCnt>
				<NettoMaxTime>483.00</NettoMaxTime>
				<NettoMinTime>52.00</NettoMinTime>
				<NettoAverageTime>218.93</NettoAverageTime>
				<BruttoMaxTime>753.00</BruttoMaxTime>
				<BruttoMinTime>52.00</BruttoMinTime>
				<BruttoAverageTime>250.36</BruttoAverageTime>
				<CpuUsage>0.90</CpuUsage>
			</Result>
			<Result>
				<ObjectName>ROOT</ObjectName>
				<ObjectType>System task</ObjectType>
				<CallCnt>133</CallCnt>
				<NettoMaxTime>42.00</NettoMaxTime>
				<NettoMinTime>31.00</NettoMinTime>
				<NettoAverageTime>34.26</NettoAverageTime>
				<BruttoMaxTime>42.00</BruttoMaxTime>
				<BruttoMinTime>31.00</BruttoMinTime>
				<BruttoAverageTime>34.26</BruttoAverageTime>
				<CpuUsage>0.34</CpuUsage>
			</Result>
			<Result>
				<ObjectName>IF3</ObjectName>
				<ObjectType>System task</ObjectType>
				<CallCnt>125</CallCnt>
				<NettoMaxTime>311.00</NettoMaxTime>
				<NettoMinTime>47.00</NettoMinTime>
				<NettoAverageTime>114.30</NettoAverageTime>
				<BruttoMaxTime>443.00</BruttoMaxTime>
				<BruttoMinTime>47.00</BruttoMinTime>
				<BruttoAverageTime>133.28</BruttoAverageTime>
				<CpuUsage>1.07</CpuUsage>
			</Result>
			<Result>
				<ObjectName>sysman</ObjectName>
				<ObjectType>System task</ObjectType>
				<CallCnt>133</CallCnt>
				<NettoMaxTime>419.00</NettoMaxTime>
				<NettoMinTime>91.00</NettoMinTime>
				<NettoAverageTime>180.61</NettoAverageTime>
				<BruttoMaxTime>624.00</BruttoMaxTime>
				<BruttoMinTime>91.00</BruttoMinTime>
				<BruttoAverageTime>185.46</BruttoAverageTime>
				<CpuUsage>1.80</CpuUsage>
			</Result>
			<Result>
				<ObjectName>cs_brmod</ObjectName>
				<ObjectType>System task</ObjectType>
				<CallCnt>14</CallCnt>
				<NettoMaxTime>799.00</NettoMaxTime>
				<NettoMinTime>337.00</NettoMinTime>
				<NettoAverageTime>594.57</NettoAverageTime>
				<BruttoMaxTime>4721.00</BruttoMaxTime>
				<BruttoMinTime>592.00</BruttoMinTime>
				<BruttoAverageTime>2682.64</BruttoAverageTime>
				<CpuUsage>0.62</CpuUsage>
			</Result>
			<Result>
				<ObjectName>profiler</ObjectName>
				<ObjectType>System task</ObjectType>
				<CallCnt>2</CallCnt>
				<NettoMaxTime>374.00</NettoMaxTime>
				<NettoMinTime>351.00</NettoMinTime>
				<NettoAverageTime>362.50</NettoAverageTime>
				<BruttoMaxTime>1361.00</BruttoMaxTime>
				<BruttoMinTime>583.00</BruttoMinTime>
				<BruttoAverageTime>972.00</BruttoAverageTime>
				<CpuUsage>0.05</CpuUsage>
			</Result>
			<Result>
				<ObjectName>canio</ObjectName>
				<ObjectType>System task</ObjectType>
				<CallCnt>133</CallCnt>
				<NettoMaxTime>239.00</NettoMaxTime>
				<NettoMinTime>43.00</NettoMinTime>
				<NettoAverageTime>61.62</NettoAverageTime>
				<BruttoMaxTime>239.00</BruttoMaxTime>
				<BruttoMinTime>43.00</BruttoMinTime>
				<BruttoAverageTime>61.62</BruttoAverageTime>
				<CpuUsage>0.61</CpuUsage>
			</Result>
			<Result>
				<ObjectName>dhcp</ObjectName>
				<ObjectType>System task</ObjectType>
				<CallCnt>13</CallCnt>
				<NettoMaxTime>45.00</NettoMaxTime>
				<NettoMinTime>42.00</NettoMinTime>
				<NettoAverageTime>43.38</NettoAverageTime>
				<BruttoMaxTime>45.00</BruttoMaxTime>
				<BruttoMinTime>42.00</BruttoMinTime>
				<BruttoAverageTime>43.38</BruttoAverageTime>
				<CpuUsage>0.04</CpuUsage>
			</Result>
			<Result>
				<ObjectName>inaiqdrv</ObjectName>
				<ObjectType>System task</ObjectType>
				<CallCnt>30</CallCnt>
				<NettoMaxTime>433.00</NettoMaxTime>
				<NettoMinTime>109.00</NettoMinTime>
				<NettoAverageTime>138.90</NettoAverageTime>
				<BruttoMaxTime>542.00</BruttoMaxTime>
				<BruttoMinTime>109.00</BruttoMinTime>
				<BruttoAverageTime>153.03</BruttoAverageTime>
				<CpuUsage>0.31</CpuUsage>
			</Result>
			<Result>
				<ObjectName>lociqdrv</ObjectName>
				<ObjectType>System task</ObjectType>
				<CallCnt>27</CallCnt>
				<NettoMaxTime>41.00</NettoMaxTime>
				<NettoMinTime>34.00</NettoMinTime>
				<NettoAverageTime>38.22</NettoAverageTime>
				<BruttoMaxTime>41.00</BruttoMaxTime>
				<BruttoMinTime>34.00</BruttoMinTime>
				<BruttoAverageTime>38.22</BruttoAverageTime>
				<CpuUsage>0.08</CpuUsage>
			</Result>
			<Result>
				<ObjectName>isaiqdrv</ObjectName>
				<ObjectType>System task</ObjectType>
				<CallCnt>27</CallCnt>
				<NettoMaxTime>34.00</NettoMaxTime>
				<NettoMinTime>31.00</NettoMinTime>
				<NettoAverageTime>31.67</NettoAverageTime>
				<BruttoMaxTime>34.00</BruttoMaxTime>
				<BruttoMinTime>31.00</BruttoMinTime>
				<BruttoAverageTime>31.67</BruttoAverageTime>
				<CpuUsage>0.06</CpuUsage>
			</Result>
			<Result>
				<ObjectName>hmi</ObjectName>
				<ObjectType>System task</ObjectType>
				<CallCnt>16</CallCnt>
				<NettoMaxTime>1505.00</NettoMaxTime>
				<NettoMinTime>152.00</NettoMinTime>
				<NettoAverageTime>435.44</NettoAverageTime>
				<BruttoMaxTime>2000.00</BruttoMaxTime>
				<BruttoMinTime>152.00</BruttoMinTime>
				<BruttoAverageTime>466.38</BruttoAverageTime>
				<CpuUsage>0.52</CpuUsage>
			</Result>
			<Result>
				<ObjectName>arou</ObjectName>
				<ObjectType>System task</ObjectType>
				<CallCnt>187</CallCnt>
				<NettoMaxTime>515.00</NettoMaxTime>
				<NettoMinTime>57.00</NettoMinTime>
				<NettoAverageTime>146.67</NettoAverageTime>
				<BruttoMaxTime>3750.00</BruttoMaxTime>
				<BruttoMinTime>57.00</BruttoMinTime>
				<BruttoAverageTime>299.19</BruttoAverageTime>
				<CpuUsage>2.06</CpuUsage>
			</Result>
			<Result>
				<ObjectName>KeyManager_hmi</ObjectName>
				<ObjectType>System task</ObjectType>
				<CallCnt>27</CallCnt>
				<NettoMaxTime>74.00</NettoMaxTime>
				<NettoMinTime>47.00</NettoMinTime>
				<NettoAverageTime>48.93</NettoAverageTime>
				<BruttoMaxTime>160.00</BruttoMaxTime>
				<BruttoMinTime>47.00</BruttoMinTime>
				<BruttoAverageTime>52.11</BruttoAverageTime>
				<CpuUsage>0.10</CpuUsage>
			</Result>
			<Result>
				<ObjectName>_TEVCYCLIC_01d45cbc_000186a0</ObjectName>
				<ObjectType>System task</ObjectType>
				<CallCnt>14</CallCnt>
				<NettoMaxTime>57.00</NettoMaxTime>
				<NettoMinTime>33.00</NettoMinTime>
				<NettoAverageTime>40.07</NettoAverageTime>
				<BruttoMaxTime>177.00</BruttoMaxTime>
				<BruttoMinTime>33.00</BruttoMinTime>
				<BruttoAverageTime>48.64</BruttoAverageTime>
				<CpuUsage>0.04</CpuUsage>
			</Result>
			<Result>
				<ObjectName>_TEVCYCLIC_01d45cbc_000f4240</ObjectName>
				<ObjectType>System task</ObjectType>
				<CallCnt>2</CallCnt>
				<NettoMaxTime>49.00</NettoMaxTime>
				<NettoMinTime>49.00</NettoMinTime>
				<NettoAverageTime>49.00</NettoAverageTime>
				<BruttoMaxTime>49.00</BruttoMaxTime>
				<BruttoMinTime>49.00</BruttoMinTime>
				<BruttoAverageTime>49.00</BruttoAverageTime>
				<CpuUsage>0.01</CpuUsage>
			</Result>
			<Result>
				<ObjectName>FBEthReceive</ObjectName>
				<ObjectType>System task</ObjectType>
				<CallCnt>23</CallCnt>
				<NettoMaxTime>246.00</NettoMaxTime>
				<NettoMinTime>176.00</NettoMinTime>
				<NettoAverageTime>190.17</NettoAverageTime>
				<BruttoMaxTime>398.00</BruttoMaxTime>
				<BruttoMinTime>176.00</BruttoMinTime>
				<BruttoAverageTime>201.48</BruttoAverageTime>
				<CpuUsage>0.33</CpuUsage>
			</Result>
			<Result>
				<ObjectName>FBEthSend</ObjectName>
				<ObjectType>System task</ObjectType>
				<CallCnt>23</CallCnt>
				<NettoMaxTime>642.00</NettoMaxTime>
				<NettoMinTime>462.00</NettoMinTime>
				<NettoAverageTime>529.13</NettoAverageTime>
				<BruttoMaxTime>2960.00</BruttoMaxTime>
				<BruttoMinTime>531.00</BruttoMinTime>
				<BruttoAverageTime>904.13</BruttoAverageTime>
				<CpuUsage>0.91</CpuUsage>
			</Result>
			<Result>
				<ObjectName>TKIdleFiller</ObjectName>
				<ObjectType>System task</ObjectType>
				<CallCnt>1</CallCnt>
				<NettoMaxTime>53959.00</NettoMaxTime>
				<NettoMinTime>53959.00</NettoMinTime>
				<NettoAverageTime>53959.00</NettoAverageTime>
				<BruttoMaxTime>1331039.00</BruttoMaxTime>
				<BruttoMinTime>1331039.00</BruttoMinTime>
				<BruttoAverageTime>1331039.00</BruttoAverageTime>
				<CpuUsage>4.04</CpuUsage>
			</Result>
			<Result>
				<ObjectName>IoSchedulerMain</ObjectName>
				<ObjectType>System task</ObjectType>
				<CallCnt>1335</CallCnt>
				<NettoMaxTime>133.00</NettoMaxTime>
				<NettoMinTime>31.00</NettoMinTime>
				<NettoAverageTime>44.94</NettoAverageTime>
				<BruttoMaxTime>208.00</BruttoMaxTime>
				<BruttoMinTime>31.00</BruttoMinTime>
				<BruttoAverageTime>45.14</BruttoAverageTime>
				<CpuUsage>4.50</CpuUsage>
			</Result>
			<Result>
				<ObjectName>t2</ObjectName>
				<ObjectType>System task</ObjectType>
				<CallCnt>1335</CallCnt>
				<NettoMaxTime>76.00</NettoMaxTime>
				<NettoMinTime>27.00</NettoMinTime>
				<NettoAverageTime>34.76</NettoAverageTime>
				<BruttoMaxTime>188.00</BruttoMaxTime>
				<BruttoMinTime>27.00</BruttoMinTime>
				<BruttoAverageTime>35.14</BruttoAverageTime>
				<CpuUsage>3.48</CpuUsage>
			</Result>
			<Result>
				<ObjectName>_TEVCYCLIC_01d30028_00002710</ObjectName>
				<ObjectType>System task</ObjectType>
				<CallCnt>133</CallCnt>
				<NettoMaxTime>99.00</NettoMaxTime>
				<NettoMinTime>32.00</NettoMinTime>
				<NettoAverageTime>40.22</NettoAverageTime>
				<BruttoMaxTime>210.00</BruttoMaxTime>
				<BruttoMinTime>32.00</BruttoMinTime>
				<BruttoAverageTime>41.87</BruttoAverageTime>
				<CpuUsage>0.40</CpuUsage>
			</Result>
			<Result>
				<ObjectName>_TEVCYCLIC_01d5d72c_0000c350</ObjectName>
				<ObjectType>System task</ObjectType>
				<CallCnt>27</CallCnt>
				<NettoMaxTime>54.00</NettoMaxTime>
				<NettoMinTime>40.00</NettoMinTime>
				<NettoAverageTime>43.44</NettoAverageTime>
				<BruttoMaxTime>54.00</BruttoMaxTime>
				<BruttoMinTime>40.00</BruttoMinTime>
				<BruttoAverageTime>43.44</BruttoAverageTime>
				<CpuUsage>0.09</CpuUsage>
			</Result>
			<Result>
				<ObjectName>_TEVCYCLIC_01d5b4f8_0000c350</ObjectName>
				<ObjectType>System task</ObjectType>
				<CallCnt>27</CallCnt>
				<NettoMaxTime>96.00</NettoMaxTime>
				<NettoMinTime>41.00</NettoMinTime>
				<NettoAverageTime>47.22</NettoAverageTime>
				<BruttoMaxTime>450.00</BruttoMaxTime>
				<BruttoMinTime>41.00</BruttoMinTime>
				<BruttoAverageTime>68.00</BruttoAverageTime>
				<CpuUsage>0.10</CpuUsage>
			</Result>
			<Result>
				<ObjectName>_TEVCYCLIC_01d592c4_0000c350</ObjectName>
				<ObjectType>System task</ObjectType>
				<CallCnt>27</CallCnt>
				<NettoMaxTime>98.00</NettoMaxTime>
				<NettoMinTime>36.00</NettoMinTime>
				<NettoAverageTime>40.70</NettoAverageTime>
				<BruttoMaxTime>458.00</BruttoMaxTime>
				<BruttoMinTime>36.00</BruttoMinTime>
				<BruttoAverageTime>61.81</BruttoAverageTime>
				<CpuUsage>0.08</CpuUsage>
			</Result>
			<Result>
				<ObjectName>InaEvChk</ObjectName>
				<ObjectType>System task</ObjectType>
				<CallCnt>134</CallCnt>
				<NettoMaxTime>42.00</NettoMaxTime>
				<NettoMinTime>33.00</NettoMinTime>
				<NettoAverageTime>36.67</NettoAverageTime>
				<BruttoMaxTime>42.00</BruttoMaxTime>
				<BruttoMinTime>33.00</BruttoMinTime>
				<BruttoAverageTime>36.67</BruttoAverageTime>
				<CpuUsage>0.37</CpuUsage>
			</Result>
			<Result>
				<ObjectName>_TEVCYCLIC_01cbdbd8_00002710</ObjectName>
				<ObjectType>System task</ObjectType>
				<CallCnt>134</CallCnt>
				<NettoMaxTime>115.00</NettoMaxTime>
				<NettoMinTime>37.00</NettoMinTime>
				<NettoAverageTime>41.81</NettoAverageTime>
				<BruttoMaxTime>602.00</BruttoMaxTime>
				<BruttoMinTime>37.00</BruttoMinTime>
				<BruttoAverageTime>48.15</BruttoAverageTime>
				<CpuUsage>0.42</CpuUsage>
			</Result>
			<Result>
				<ObjectName>_TEVCYCLIC_01d5e960_000186a0</ObjectName>
				<ObjectType>System task</ObjectType>
				<CallCnt>13</CallCnt>
				<NettoMaxTime>61.00</NettoMaxTime>
				<NettoMinTime>43.00</NettoMinTime>
				<NettoAverageTime>48.46</NettoAverageTime>
				<BruttoMaxTime>61.00</BruttoMaxTime>
				<BruttoMinTime>43.00</BruttoMinTime>
				<BruttoAverageTime>48.46</BruttoAverageTime>
				<CpuUsage>0.05</CpuUsage>
			</Result>
			<Result>
				<ObjectName>_TEVCYCLIC_01d2abac_0000c350</ObjectName>
				<ObjectType>System task</ObjectType>
				<CallCnt>27</CallCnt>
				<NettoMaxTime>69.00</NettoMaxTime>
				<NettoMinTime>46.00</NettoMinTime>
				<NettoAverageTime>50.85</NettoAverageTime>
				<BruttoMaxTime>164.00</BruttoMaxTime>
				<BruttoMinTime>46.00</BruttoMinTime>
				<BruttoAverageTime>54.37</BruttoAverageTime>
				<CpuUsage>0.10</CpuUsage>
			</Result>
			<Result>
				<ObjectName>Interrupt 9</ObjectName>
				<ObjectType>Interrupt</ObjectType>
				<CallCnt>46</CallCnt>
				<NettoMaxTime>77.00</NettoMaxTime>
				<NettoMinTime>53.00</NettoMinTime>
				<NettoAverageTime>63.54</NettoAverageTime>
				<BruttoMaxTime>77.00</BruttoMaxTime>
				<BruttoMinTime>53.00</BruttoMinTime>
				<BruttoAverageTime>63.54</BruttoAverageTime>
				<CpuUsage>0.22</CpuUsage>
			</Result>
			<Result>
				<ObjectName>Interrupt 10</ObjectName>
				<ObjectType>Interrupt</ObjectType>
				<CallCnt>125</CallCnt>
				<NettoMaxTime>160.00</NettoMaxTime>
				<NettoMinTime>74.00</NettoMinTime>
				<NettoAverageTime>114.39</NettoAverageTime>
				<BruttoMaxTime>160.00</BruttoMaxTime>
				<BruttoMinTime>74.00</BruttoMinTime>
				<BruttoAverageTime>114.39</BruttoAverageTime>
				<CpuUsage>1.07</CpuUsage>
			</Result>
			<Result>
				<ObjectName>IDLE</ObjectName>
				<ObjectType>System task</ObjectType>
				<CallCnt>1</CallCnt>
				<NettoMaxTime>970735.00</NettoMaxTime>
				<NettoMinTime>970735.00</NettoMinTime>
				<NettoAverageTime>970735.00</NettoAverageTime>
				<BruttoMaxTime>1334193.00</BruttoMaxTime>
				<BruttoMinTime>1334193.00</BruttoMinTime>
				<BruttoAverageTime>1334193.00</BruttoAverageTime>
				<CpuUsage>72.74</CpuUsage>
			</Result>
		</Calculation>
	</Interpretation>
</Profiler>
