<?xml version="1.0" ?><?AutomationRuntimeIOSystem Version = 1.0?><IOCFG xmlns="http://www.br-automation.com/AR/IO" Version="2.0"><Module ID="$root" Hardware="4PP420.1043-75"><Parameter ID="HardwareModuleName" Value="CPU"/></Module><Module ID="$root.IO" Hardware="4PP420.1043-75"><Parameter ID="ActivateOpc" Value="0"/><Parameter ID="OpcServerName" Value="BR.OPC.Server_AR"/><Parameter ID="OpcTagsPassword" Value=""/></Module><Module ID="IF1" Hardware="4PP420.1043-75"/><Module ID="IF5" Hardware="4PP420.1043-75"/><Module ID="SL1" Hardware="4PP420.1043-75si"/><Module ID="SL1.SS1" Hardware="3IF797.9-1"/><Module ID="SL1.SS1.IF1" Hardware="3IF797.9-1"/><Module ID="SL1.SS1.IF2" Hardware="3IF797.9-1"/><Module ID="SL1.SS1.IF2.CANIO" Hardware="CANIO"><Parameter ID="Timeout" Type="UDINT" Value="1000"/><Parameter ID="Retries" Type="UDINT" Value="3"/><Parameter ID="Mode" Value="CANIO"/></Module><Module ID="SL1.SS1.IF2.ST2" Hardware="7CX408.501"/><Module ID="SL1.SS1.IF2.ST2" Hardware="7CX408.501"><Parameter ID="IdleTimeDI" Type="UINT" Value="640"/><Parameter ID="InhibitTimeDI" Type="UINT" Value="5"/><Parameter ID="IdleTimeDO" Type="UINT" Value="640"/><Parameter ID="IdleTimeAI" Type="UINT" Value="640"/><Parameter ID="InhibitTimeAI" Type="UINT" Value="20"/><Parameter ID="IdleTimeAO" Type="UINT" Value="640"/></Module><Module ID="SL1.SS1.IF2.ST2.IO" Hardware="7CX408.501"><Parameter ID="FunctionModel" Value="Standard"/><Parameter ID="Supervision" Value="off"/><Parameter ID="ReadBack" Value="off"/><Parameter ID="EnablePWM" Value="off"/><Parameter ID="PWMChannels" Value="09 and 10"/><Parameter ID="CounterMode" Value="no counter"/><Parameter ID="ReadCounterInputs" Value="on"/><Parameter ID="CountFrequency" Value="4MHz"/><Parameter ID="StartMeasurement" Value="positive edge"/></Module><Module ID="SL1.SS1.IF2.ST3" Hardware="7EX270.50-1"/><Module ID="SL1.SS1.IF2.ST3" Hardware="7EX270.50-1"><Parameter ID="IdleTimeDI" Type="UINT" Value="640"/><Parameter ID="InhibitTimeDI" Type="UINT" Value="5"/><Parameter ID="IdleTimeDO" Type="UINT" Value="640"/><Parameter ID="IdleTimeAI" Type="UINT" Value="640"/><Parameter ID="InhibitTimeAI" Type="UINT" Value="20"/><Parameter ID="IdleTimeAO" Type="UINT" Value="640"/><Parameter ID="Multiplier" Type="USINT" Value="1"/></Module><Module ID="SL1.SS1.IF2.ST3.SL1" Hardware="7AF101.7"/><Module ID="SL1.SS1.IF2.ST3.SL1.SS1" Hardware="7AT324.7"/><Module ID="SL1.SS1.IF2.ST3.SL1.SS1" Hardware="7AT324.7"/><Module ID="SL1.SS1.IF2.ST3.SL1.SS1.IO" Hardware="7AT324.7"><Parameter ID="FunctionModel" Value="CANIOBusController"/><Parameter ID="Supervision" Value="on"/><Parameter ID="Filter" Value="50Hz"/><Parameter ID="Sensor01" Value="on"/><Parameter ID="SensorType01" Value="1 to 4995 Ohm"/><Parameter ID="Sensor02" Value="on"/><Parameter ID="SensorType02" Value="1 to 4995 Ohm"/><Parameter ID="Sensor03" Value="on"/><Parameter ID="SensorType03" Value="1 to 4995 Ohm"/><Parameter ID="Sensor04" Value="on"/><Parameter ID="SensorType04" Value="1 to 4995 Ohm"/><Parameter ID="StatusInput12" Value="off"/><Parameter ID="TypeTransmissionTrigger" Value="hysteresis"/><Parameter ID="ValueTriggerType" Type="UDINT" Value="160"/></Module><Module ID="SL1.SS1.IF2.ST3.SL1.SS2" Hardware="7AT324.7"/><Module ID="SL1.SS1.IF2.ST3.SL1.SS2" Hardware="7AT324.7"/><Module ID="SL1.SS1.IF2.ST3.SL1.SS2.IO" Hardware="7AT324.7"><Parameter ID="FunctionModel" Value="CANIOBusController"/><Parameter ID="Supervision" Value="on"/><Parameter ID="Filter" Value="50Hz"/><Parameter ID="Sensor01" Value="on"/><Parameter ID="SensorType01" Value="1 to 4995 Ohm"/><Parameter ID="Sensor02" Value="on"/><Parameter ID="SensorType02" Value="1 to 4995 Ohm"/><Parameter ID="Sensor03" Value="on"/><Parameter ID="SensorType03" Value="1 to 4995 Ohm"/><Parameter ID="Sensor04" Value="on"/><Parameter ID="SensorType04" Value="1 to 4995 Ohm"/><Parameter ID="StatusInput12" Value="off"/><Parameter ID="TypeTransmissionTrigger" Value="hysteresis"/><Parameter ID="ValueTriggerType" Type="UDINT" Value="160"/></Module><Module ID="SL1.SS1.IF2.ST3.SL2" Hardware="7DO721.7"/><Module ID="SL1.SS1.IF2.ST3.SL2" Hardware="7DO721.7"/><Module ID="SL1.SS1.IF2.ST3.SL2.IO" Hardware="7DO721.7"><Parameter ID="FunctionModel" Value="Standard"/><Parameter ID="Supervision" Value="on"/></Module><Module ID="SL1.SS1.IF2.ST3.SL3" Hardware="7DO721.7"/><Module ID="SL1.SS1.IF2.ST3.SL3" Hardware="7DO721.7"/><Module ID="SL1.SS1.IF2.ST3.SL3.IO" Hardware="7DO721.7"><Parameter ID="FunctionModel" Value="Standard"/><Parameter ID="Supervision" Value="on"/></Module><Module ID="SL1.SS1.IF3.X2X" Hardware="X2X"><Parameter ID="CycleTime" Type="UDINT" Value="2000"/><Parameter ID="BusLength" Type="UDINT" Value="1000"/><Parameter ID="Stations" Type="UDINT" Value="64"/><Parameter ID="AsyncPayload" Type="UDINT" Value="80"/><Parameter ID="Asymmetric" Value="off"/><Parameter ID="OutputJustInTime" Value="on"/><Parameter ID="Synchron" Value="on"/></Module></IOCFG>
