<?xml version="1.0" encoding="utf-8"?>
<?AutomationRuntimeIOSystem Version="1.0"?>
<IO xmlns="http://www.br-automation.com/AR/IO">
<Links>
<LN ID="%IB.SL1.SS1.IF2.NodeSwitch" Type="USINT">
<Prod Device="SL1.SS1" DPName="IF2.NodeSwitch" Kind="io"/>
</LN>
<LN ID="%ID.SL1.SS1.IF3.CycleCount" Type="DINT">
<Prod Device="SL1.SS1" DPName="IF3.CycleCount" Kind="io"/>
</LN>
<LN ID="%ID.SL1.SS1.IF3.BreakCount" Type="DINT">
<Prod Device="SL1.SS1" DPName="IF3.BreakCount" Kind="io"/>
</LN>
<LN ID="%ID.SL1.SS1.IF3.Nettime" Type="DINT">
<Prod Device="SL1.SS1" DPName="IF3.Nettime" Kind="io"/>
</LN>
<LN ID="%ID.SL1.SS1.IF3.SyncErrorCount" Type="DINT">
<Prod Device="SL1.SS1" DPName="IF3.SyncErrorCount" Kind="io"/>
</LN>
<LN ID="%ID.SL1.SS1.IF3.SyncSramErrorCount" Type="DINT">
<Prod Device="SL1.SS1" DPName="IF3.SyncSramErrorCount" Kind="io"/>
</LN>
<LN ID="%ID.SL1.SS1.IF3.SyncBusyErrorCount" Type="DINT">
<Prod Device="SL1.SS1" DPName="IF3.SyncBusyErrorCount" Kind="io"/>
</LN>
<LN ID="%ID.SL1.SS1.IF3.SyncNoRxErrorCount" Type="DINT">
<Prod Device="SL1.SS1" DPName="IF3.SyncNoRxErrorCount" Kind="io"/>
</LN>
<LN ID="%ID.SL1.SS1.IF3.SyncFormatErrorCount" Type="DINT">
<Prod Device="SL1.SS1" DPName="IF3.SyncFormatErrorCount" Kind="io"/>
</LN>
<LN ID="%ID.SL1.SS1.IF3.SyncPendingErrorCount" Type="DINT">
<Prod Device="SL1.SS1" DPName="IF3.SyncPendingErrorCount" Kind="io"/>
</LN>
<LN ID="%ID.SL1.SS1.IF3.AsyncErrorCount" Type="DINT">
<Prod Device="SL1.SS1" DPName="IF3.AsyncErrorCount" Kind="io"/>
</LN>
<LN ID="%ID.SL1.SS1.IF3.AsyncSramErrorCount" Type="DINT">
<Prod Device="SL1.SS1" DPName="IF3.AsyncSramErrorCount" Kind="io"/>
</LN>
<LN ID="%ID.SL1.SS1.IF3.AsyncBusyErrorCount" Type="DINT">
<Prod Device="SL1.SS1" DPName="IF3.AsyncBusyErrorCount" Kind="io"/>
</LN>
<LN ID="%ID.SL1.SS1.IF3.AsyncNoRxErrorCount" Type="DINT">
<Prod Device="SL1.SS1" DPName="IF3.AsyncNoRxErrorCount" Kind="io"/>
</LN>
<LN ID="%ID.SL1.SS1.IF3.AsyncFormatErrorCount" Type="DINT">
<Prod Device="SL1.SS1" DPName="IF3.AsyncFormatErrorCount" Kind="io"/>
</LN>
<LN ID="%ID.SL1.SS1.IF3.AsyncPendingErrorCount" Type="DINT">
<Prod Device="SL1.SS1" DPName="IF3.AsyncPendingErrorCount" Kind="io"/>
</LN>
<LN ID="%ID.SL1.SS1.IF3.DMALateOutputErrorCount" Type="DINT">
<Prod Device="SL1.SS1" DPName="IF3.DMALateOutputErrorCount" Kind="io"/>
</LN>
<LN ID="%ID.SerialNumber" Type="UDINT">
<Prod Device="$root" DPName="SerialNumber" Kind="io"/>
</LN>
<LN ID="%IW.ModuleID" Type="UINT">
<Prod Device="$root" DPName="ModuleID" Kind="io"/>
</LN>
<LN ID="%ID.PowerOnCycles" Type="UDINT">
<Prod Device="$root" DPName="PowerOnCycles" Kind="io"/>
</LN>
<LN ID="%ID.OperatingHoursPP" Type="UDINT">
<Prod Device="$root" DPName="OperatingHoursPP" Kind="io"/>
</LN>
<LN ID="%IB.BatteryStatusCPU" Type="USINT">
<Prod Device="$root" DPName="BatteryStatusCPU" Kind="io"/>
</LN>
<LN ID="%IW.TemperatureCPU" Type="UINT">
<Prod Device="$root" DPName="TemperatureCPU" Kind="io"/>
</LN>
<LN ID="%IW.TemperatureENV" Type="UINT">
<Prod Device="$root" DPName="TemperatureENV" Kind="io"/>
</LN>
<LN ID="%ID.SystemTime" Type="DINT">
<Prod Device="$root" DPName="SystemTime" Kind="io"/>
</LN>
<LN ID="%IB.IF5.NodeSwitch" Type="USINT">
<Prod Device="$root" DPName="IF5.NodeSwitch" Kind="io"/>
</LN>
<LN ID="%IX.SL1.SS1.IF2.ST3.SL1.SS1.ModuleOk" Type="BOOL">
<Prod Device="SL1.SS1.IF2.ST3.SL1.SS1" DPName="ModuleOk" Kind="io"/>
</LN>
<LN ID="%IW.SL1.SS1.IF2.ST3.SL1.SS1.Resistor01" Type="UINT">
<Prod Device="SL1.SS1.IF2.ST3.SL1.SS1" DPName="Resistor01" Kind="io"/>
<Cons Device="TC#3-CPYDEV" DPName="aiTempBoiler" Kind="pv"/>
</LN>
<LN ID="%IW.SL1.SS1.IF2.ST3.SL1.SS1.Resistor02" Type="UINT">
<Prod Device="SL1.SS1.IF2.ST3.SL1.SS1" DPName="Resistor02" Kind="io"/>
<Cons Device="TC#3-CPYDEV" DPName="aiTempBurner" Kind="pv"/>
</LN>
<LN ID="%IW.SL1.SS1.IF2.ST3.SL1.SS1.Resistor03" Type="UINT">
<Prod Device="SL1.SS1.IF2.ST3.SL1.SS1" DPName="Resistor03" Kind="io"/>
<Cons Device="TC#3-CPYDEV" DPName="aiTempFlow" Kind="pv"/>
</LN>
<LN ID="%IW.SL1.SS1.IF2.ST3.SL1.SS1.Resistor04" Type="UINT">
<Prod Device="SL1.SS1.IF2.ST3.SL1.SS1" DPName="Resistor04" Kind="io"/>
<Cons Device="TC#3-CPYDEV" DPName="aiTempOutside" Kind="pv"/>
</LN>
<LN ID="%IX.SL1.SS1.IF2.ST3.SL1.SS2.ModuleOk" Type="BOOL">
<Prod Device="SL1.SS1.IF2.ST3.SL1.SS2" DPName="ModuleOk" Kind="io"/>
</LN>
<LN ID="%IW.SL1.SS1.IF2.ST3.SL1.SS2.Resistor01" Type="UINT">
<Prod Device="SL1.SS1.IF2.ST3.SL1.SS2" DPName="Resistor01" Kind="io"/>
<Cons Device="TC#3-CPYDEV" DPName="aiTempLivingroom" Kind="pv"/>
</LN>
<LN ID="%IW.SL1.SS1.IF2.ST3.SL1.SS2.Resistor02" Type="UINT">
<Prod Device="SL1.SS1.IF2.ST3.SL1.SS2" DPName="Resistor02" Kind="io"/>
</LN>
<LN ID="%IW.SL1.SS1.IF2.ST3.SL1.SS2.Resistor03" Type="UINT">
<Prod Device="SL1.SS1.IF2.ST3.SL1.SS2" DPName="Resistor03" Kind="io"/>
</LN>
<LN ID="%IW.SL1.SS1.IF2.ST3.SL1.SS2.Resistor04" Type="UINT">
<Prod Device="SL1.SS1.IF2.ST3.SL1.SS2" DPName="Resistor04" Kind="io"/>
</LN>
<LN ID="%IX.SL1.SS1.IF2.ST3.SL2.ModuleOk" Type="BOOL">
<Prod Device="SL1.SS1.IF2.ST3.SL2" DPName="ModuleOk" Kind="io"/>
</LN>
<LN ID="%QX.SL1.SS1.IF2.ST3.SL2.DigitalOutput01" Type="BOOL">
<Prod Device="TC#3-CPYDEV" DPName="doBurner" Kind="pv"/>
<Cons Device="SL1.SS1.IF2.ST3.SL2" DPName="DigitalOutput01" Kind="io"/>
</LN>
<LN ID="%QX.SL1.SS1.IF2.ST3.SL2.DigitalOutput02" Type="BOOL">
<Prod Device="TC#3-CPYDEV" DPName="doFlowPump" Kind="pv"/>
<Cons Device="SL1.SS1.IF2.ST3.SL2" DPName="DigitalOutput02" Kind="io"/>
</LN>
<LN ID="%QX.SL1.SS1.IF2.ST3.SL2.DigitalOutput03" Type="BOOL">
<Prod Device="TC#3-CPYDEV" DPName="doBoilerPump" Kind="pv"/>
<Cons Device="SL1.SS1.IF2.ST3.SL2" DPName="DigitalOutput03" Kind="io"/>
</LN>
<LN ID="%QX.SL1.SS1.IF2.ST3.SL2.DigitalOutput04" Type="BOOL">
<Cons Device="SL1.SS1.IF2.ST3.SL2" DPName="DigitalOutput04" Kind="io"/>
</LN>
<LN ID="%IX.SL1.SS1.IF2.ST3.SL3.ModuleOk" Type="BOOL">
<Prod Device="SL1.SS1.IF2.ST3.SL3" DPName="ModuleOk" Kind="io"/>
</LN>
<LN ID="%QX.SL1.SS1.IF2.ST3.SL3.DigitalOutput01" Type="BOOL">
<Prod Device="TC#3-CPYDEV" DPName="doMixerOpen" Kind="pv"/>
<Cons Device="SL1.SS1.IF2.ST3.SL3" DPName="DigitalOutput01" Kind="io"/>
</LN>
<LN ID="%QX.SL1.SS1.IF2.ST3.SL3.DigitalOutput02" Type="BOOL">
<Prod Device="TC#3-CPYDEV" DPName="doMixerClose" Kind="pv"/>
<Cons Device="SL1.SS1.IF2.ST3.SL3" DPName="DigitalOutput02" Kind="io"/>
</LN>
<LN ID="%QX.SL1.SS1.IF2.ST3.SL3.DigitalOutput03" Type="BOOL">
<Cons Device="SL1.SS1.IF2.ST3.SL3" DPName="DigitalOutput03" Kind="io"/>
</LN>
<LN ID="%QX.SL1.SS1.IF2.ST3.SL3.DigitalOutput04" Type="BOOL">
<Cons Device="SL1.SS1.IF2.ST3.SL3" DPName="DigitalOutput04" Kind="io"/>
</LN>
<LN ID="%IX.SL1.SS1.IF2.ST2.ModuleOk" Type="BOOL">
<Prod Device="SL1.SS1.IF2.ST2" DPName="ModuleOk" Kind="io"/>
</LN>
<LN ID="%IX.SL1.SS1.IF2.ST2.DigitalInput01" Type="BOOL">
<Prod Device="SL1.SS1.IF2.ST2" DPName="DigitalInput01" Kind="io"/>
</LN>
<LN ID="%IX.SL1.SS1.IF2.ST2.DigitalInput02" Type="BOOL">
<Prod Device="SL1.SS1.IF2.ST2" DPName="DigitalInput02" Kind="io"/>
</LN>
<LN ID="%IX.SL1.SS1.IF2.ST2.DigitalInput03" Type="BOOL">
<Prod Device="SL1.SS1.IF2.ST2" DPName="DigitalInput03" Kind="io"/>
<Cons Device="TC#3-CPYDEV" DPName="diTankLevelHigh" Kind="pv"/>
</LN>
<LN ID="%IX.SL1.SS1.IF2.ST2.DigitalInput04" Type="BOOL">
<Prod Device="SL1.SS1.IF2.ST2" DPName="DigitalInput04" Kind="io"/>
<Cons Device="TC#3-CPYDEV" DPName="diTankLevelLow" Kind="pv"/>
</LN>
<LN ID="%IX.SL1.SS1.IF2.ST2.DigitalInput05" Type="BOOL">
<Prod Device="SL1.SS1.IF2.ST2" DPName="DigitalInput05" Kind="io"/>
</LN>
<LN ID="%IX.SL1.SS1.IF2.ST2.DigitalInput06" Type="BOOL">
<Prod Device="SL1.SS1.IF2.ST2" DPName="DigitalInput06" Kind="io"/>
</LN>
<LN ID="%IX.SL1.SS1.IF2.ST2.DigitalInput07" Type="BOOL">
<Prod Device="SL1.SS1.IF2.ST2" DPName="DigitalInput07" Kind="io"/>
</LN>
<LN ID="%IX.SL1.SS1.IF2.ST2.DigitalInput08" Type="BOOL">
<Prod Device="SL1.SS1.IF2.ST2" DPName="DigitalInput08" Kind="io"/>
</LN>
<LN ID="%IX.SL1.SS1.IF2.ST2.DigitalInput09" Type="BOOL">
<Prod Device="SL1.SS1.IF2.ST2" DPName="DigitalInput09" Kind="io"/>
</LN>
<LN ID="%IX.SL1.SS1.IF2.ST2.DigitalInput10" Type="BOOL">
<Prod Device="SL1.SS1.IF2.ST2" DPName="DigitalInput10" Kind="io"/>
</LN>
<LN ID="%IX.SL1.SS1.IF2.ST2.DigitalInput11" Type="BOOL">
<Prod Device="SL1.SS1.IF2.ST2" DPName="DigitalInput11" Kind="io"/>
</LN>
<LN ID="%IX.SL1.SS1.IF2.ST2.DigitalInput12" Type="BOOL">
<Prod Device="SL1.SS1.IF2.ST2" DPName="DigitalInput12" Kind="io"/>
</LN>
<LN ID="%IX.SL1.SS1.IF2.ST2.DigitalInput13" Type="BOOL">
<Prod Device="SL1.SS1.IF2.ST2" DPName="DigitalInput13" Kind="io"/>
</LN>
<LN ID="%IX.SL1.SS1.IF2.ST2.DigitalInput14" Type="BOOL">
<Prod Device="SL1.SS1.IF2.ST2" DPName="DigitalInput14" Kind="io"/>
</LN>
<LN ID="%IX.SL1.SS1.IF2.ST2.DigitalInput15" Type="BOOL">
<Prod Device="SL1.SS1.IF2.ST2" DPName="DigitalInput15" Kind="io"/>
</LN>
<LN ID="%IX.SL1.SS1.IF2.ST2.DigitalInput16" Type="BOOL">
<Prod Device="SL1.SS1.IF2.ST2" DPName="DigitalInput16" Kind="io"/>
</LN>
<LN ID="%QX.SL1.SS1.IF2.ST2.DigitalOutput01" Type="BOOL">
<Prod Device="TC#3-CPYDEV" DPName="doIrrigValve1" Kind="pv"/>
<Cons Device="SL1.SS1.IF2.ST2" DPName="DigitalOutput01" Kind="io"/>
</LN>
<LN ID="%QX.SL1.SS1.IF2.ST2.DigitalOutput02" Type="BOOL">
<Prod Device="TC#3-CPYDEV" DPName="doIrrigValve2" Kind="pv"/>
<Cons Device="SL1.SS1.IF2.ST2" DPName="DigitalOutput02" Kind="io"/>
</LN>
<LN ID="%QX.SL1.SS1.IF2.ST2.DigitalOutput03" Type="BOOL">
<Prod Device="TC#3-CPYDEV" DPName="doIrrigValve3" Kind="pv"/>
<Cons Device="SL1.SS1.IF2.ST2" DPName="DigitalOutput03" Kind="io"/>
</LN>
<LN ID="%QX.SL1.SS1.IF2.ST2.DigitalOutput04" Type="BOOL">
<Prod Device="TC#3-CPYDEV" DPName="doIrrigValve4" Kind="pv"/>
<Cons Device="SL1.SS1.IF2.ST2" DPName="DigitalOutput04" Kind="io"/>
</LN>
<LN ID="%QX.SL1.SS1.IF2.ST2.DigitalOutput05" Type="BOOL">
<Prod Device="TC#3-CPYDEV" DPName="doIrrigValve5" Kind="pv"/>
<Cons Device="SL1.SS1.IF2.ST2" DPName="DigitalOutput05" Kind="io"/>
</LN>
<LN ID="%QX.SL1.SS1.IF2.ST2.DigitalOutput06" Type="BOOL">
<Prod Device="TC#3-CPYDEV" DPName="doIrrigValve6" Kind="pv"/>
<Cons Device="SL1.SS1.IF2.ST2" DPName="DigitalOutput06" Kind="io"/>
</LN>
<LN ID="%QX.SL1.SS1.IF2.ST2.DigitalOutput07" Type="BOOL">
<Cons Device="SL1.SS1.IF2.ST2" DPName="DigitalOutput07" Kind="io"/>
</LN>
<LN ID="%QX.SL1.SS1.IF2.ST2.DigitalOutput08" Type="BOOL">
<Prod Device="TC#3-CPYDEV" DPName="doIrrigPump" Kind="pv"/>
<Cons Device="SL1.SS1.IF2.ST2" DPName="DigitalOutput08" Kind="io"/>
</LN>
<LN ID="%QX.SL1.SS1.IF2.ST2.DigitalOutput09" Type="BOOL">
<Cons Device="SL1.SS1.IF2.ST2" DPName="DigitalOutput09" Kind="io"/>
</LN>
<LN ID="%QX.SL1.SS1.IF2.ST2.DigitalOutput10" Type="BOOL">
<Cons Device="SL1.SS1.IF2.ST2" DPName="DigitalOutput10" Kind="io"/>
</LN>
<LN ID="%QX.SL1.SS1.IF2.ST2.DigitalOutput11" Type="BOOL">
<Cons Device="SL1.SS1.IF2.ST2" DPName="DigitalOutput11" Kind="io"/>
</LN>
<LN ID="%QX.SL1.SS1.IF2.ST2.DigitalOutput12" Type="BOOL">
<Cons Device="SL1.SS1.IF2.ST2" DPName="DigitalOutput12" Kind="io"/>
</LN>
<LN ID="%QX.SL1.SS1.IF2.ST2.DigitalOutput13" Type="BOOL">
<Cons Device="SL1.SS1.IF2.ST2" DPName="DigitalOutput13" Kind="io"/>
</LN>
<LN ID="%QX.SL1.SS1.IF2.ST2.DigitalOutput14" Type="BOOL">
<Cons Device="SL1.SS1.IF2.ST2" DPName="DigitalOutput14" Kind="io"/>
</LN>
<LN ID="%QX.SL1.SS1.IF2.ST2.DigitalOutput15" Type="BOOL">
<Cons Device="SL1.SS1.IF2.ST2" DPName="DigitalOutput15" Kind="io"/>
</LN>
<LN ID="%QX.SL1.SS1.IF2.ST2.DigitalOutput16" Type="BOOL">
<Cons Device="SL1.SS1.IF2.ST2" DPName="DigitalOutput16" Kind="io"/>
</LN>
<LN ID="%IX.SL1.SS1.IF2.ST2.OverCurrent01" Type="BOOL">
<Prod Device="SL1.SS1.IF2.ST2" DPName="OverCurrent01" Kind="io"/>
</LN>
<LN ID="%IX.SL1.SS1.IF2.ST2.OverCurrent02" Type="BOOL">
<Prod Device="SL1.SS1.IF2.ST2" DPName="OverCurrent02" Kind="io"/>
</LN>
<LN ID="%IX.SL1.SS1.IF2.ST2.InputPowerSupply" Type="BOOL">
<Prod Device="SL1.SS1.IF2.ST2" DPName="InputPowerSupply" Kind="io"/>
</LN>
<LN ID="%IX.SL1.SS1.IF2.ST2.OutputPowerSupply" Type="BOOL">
<Prod Device="SL1.SS1.IF2.ST2" DPName="OutputPowerSupply" Kind="io"/>
</LN>
</Links></IO>
