<?xml version="1.0" ?><?AutomationRuntimeIOSystem Version = 1.0?><IOCFG xmlns="http://www.br-automation.com/AR/IO" Version="2.0"><Module ID="$root" Hardware="4PP420.1043-75"><Parameter ID="HardwareModuleName" Value="CPU"/></Module><Module ID="$root.IO" Hardware="4PP420.1043-75"><Parameter ID="ActivateOpc" Value="0"/><Parameter ID="OpcServerName" Value="BR.OPC.Server_AR"/><Parameter ID="OpcTagsPassword" Value=""/></Module><Module ID="IF1" Hardware="4PP420.1043-75"/><Module ID="IF5" Hardware="4PP420.1043-75"/><Module ID="SL1" Hardware="4PP420.1043-75si"/></IOCFG>
