<?xml version = "1.0"?>
<?Profiler Version = 1.0?>
<?xml-stylesheet type="text/xsl" href="Profiler.xsl"?>
<!--Profiler generated XML-File-->
<Profiler TITLE="Profiler, the Results" AUTHOR="BuR AutomationStudio: Profiler">
	<Definition CONTENT="Definition-Module">
		<Profiler>2</Profiler>
		<LogEvent Event="0x7">
			<EventType>Group Task-Switch</EventType>
			<EventType>Group IRQ-Handler</EventType>
			<EventType>Group Cyclic-Tasks</EventType>
		</LogEvent>
		<LogMode Mode="0x0">LogUntilBufferIsFull</LogMode>
		<BufferSize>102400</BufferSize>
		<AddDataSize>0</AddDataSize>
	</Definition>
	<Data>
		<Header CONTENT="Data-Module: Header">
			<Version>2</Version>
			<StartOffset>0</StartOffset>
			<StopOffset>6399</StopOffset>
			<ProfileState>6</ProfileState>
			<ObjectCnt>76</ObjectCnt>
			<DataCnt>6400</DataCnt>
			<TicksPerUsec>1.000</TicksPerUsec>
			<Time>
				<Year>2002</Year>
				<Month>06</Month>
				<Day>23</Day>
				<Reserve>7</Reserve>
				<Hour>13</Hour>
				<Minute>10</Minute>
				<Second>53</Second>
				<Millisec>0</Millisec>
			</Time>
		</Header>
		<ProfiledObj CONTENT="Data-Module: ProfilesObjects">
			<Library>
			</Library>
			<Objects>
				<ProfObject ObjectId="0x1e8a998">
					<ObjectName>TK #1</ObjectName>
					<ObjectPriority>230</ObjectPriority>
					<StackSize>8076</StackSize>
					<StackFree>7168</StackFree>
					<StackSizeSV>0</StackSizeSV>
					<StackFreeSV>0</StackFreeSV>
				</ProfObject>
				<ProfObject ObjectId="0x1e88764">
					<ObjectName>TK #2</ObjectName>
					<ObjectPriority>218</ObjectPriority>
					<StackSize>8076</StackSize>
					<StackFree>7888</StackFree>
					<StackSizeSV>0</StackSizeSV>
					<StackFreeSV>0</StackFreeSV>
				</ProfObject>
				<ProfObject ObjectId="0x1e86530">
					<ObjectName>TK #3</ObjectName>
					<ObjectPriority>200</ObjectPriority>
					<StackSize>8076</StackSize>
					<StackFree>7324</StackFree>
					<StackSizeSV>0</StackSizeSV>
					<StackFreeSV>0</StackFreeSV>
				</ProfObject>
				<ProfObject ObjectId="0x1e842fc">
					<ObjectName>TK #4</ObjectName>
					<ObjectPriority>198</ObjectPriority>
					<StackSize>8076</StackSize>
					<StackFree>7668</StackFree>
					<StackSizeSV>0</StackSizeSV>
					<StackFreeSV>0</StackFreeSV>
				</ProfObject>
				<ProfObject ObjectId="0x1e820c8">
					<ObjectName>TK #5</ObjectName>
					<ObjectPriority>196</ObjectPriority>
					<StackSize>8076</StackSize>
					<StackFree>6928</StackFree>
					<StackSizeSV>0</StackSizeSV>
					<StackFreeSV>0</StackFreeSV>
				</ProfObject>
				<ProfObject ObjectId="0x1ee61f8">
					<ObjectName>tNetTask</ObjectName>
					<ObjectPriority>205</ObjectPriority>
					<StackSize>9988</StackSize>
					<StackFree>9436</StackFree>
					<StackSizeSV>0</StackSizeSV>
					<StackFreeSV>0</StackFreeSV>
				</ProfObject>
				<ProfObject ObjectId="0x1feede8">
					<ObjectName>RtcSync</ObjectName>
					<ObjectPriority>5</ObjectPriority>
					<StackSize>3980</StackSize>
					<StackFree>3612</StackFree>
					<StackSizeSV>0</StackSizeSV>
					<StackFreeSV>0</StackFreeSV>
				</ProfObject>
				<ProfObject ObjectId="0x1eae1fc">
					<ObjectName>ARRegNvHandler</ObjectName>
					<ObjectPriority>85</ObjectPriority>
					<StackSize>3972</StackSize>
					<StackFree>3716</StackFree>
					<StackSizeSV>0</StackSizeSV>
					<StackFreeSV>0</StackFreeSV>
				</ProfObject>
				<ProfObject ObjectId="0x1e91034">
					<ObjectName>inaiqdrv</ObjectName>
					<ObjectPriority>88</ObjectPriority>
					<StackSize>8072</StackSize>
					<StackFree>6728</StackFree>
					<StackSizeSV>0</StackSizeSV>
					<StackFreeSV>0</StackFreeSV>
				</ProfObject>
				<ProfObject ObjectId="0x1e8ee00">
					<ObjectName>lociqdrv</ObjectName>
					<ObjectPriority>88</ObjectPriority>
					<StackSize>8072</StackSize>
					<StackFree>7280</StackFree>
					<StackSizeSV>0</StackSizeSV>
					<StackFreeSV>0</StackFreeSV>
				</ProfObject>
				<ProfObject ObjectId="0x1e8cbcc">
					<ObjectName>isaiqdrv</ObjectName>
					<ObjectPriority>88</ObjectPriority>
					<StackSize>8072</StackSize>
					<StackFree>7200</StackFree>
					<StackSizeSV>0</StackSizeSV>
					<StackFreeSV>0</StackFreeSV>
				</ProfObject>
				<ProfObject ObjectId="0x1e727fc">
					<ObjectName>FBEthReceive</ObjectName>
					<ObjectPriority>94</ObjectPriority>
					<StackSize>16260</StackSize>
					<StackFree>15260</StackFree>
					<StackSizeSV>0</StackSizeSV>
					<StackFreeSV>0</StackFreeSV>
				</ProfObject>
				<ProfObject ObjectId="0x1e6e5c8">
					<ObjectName>FBEthSend</ObjectName>
					<ObjectPriority>93</ObjectPriority>
					<StackSize>16264</StackSize>
					<StackFree>15052</StackFree>
					<StackSizeSV>0</StackSizeSV>
					<StackFreeSV>0</StackFreeSV>
				</ProfObject>
				<ProfObject ObjectId="0x1e66a10">
					<ObjectName>InaEvChk</ObjectName>
					<ObjectPriority>79</ObjectPriority>
					<StackSize>3976</StackSize>
					<StackFree>3256</StackFree>
					<StackSizeSV>0</StackSizeSV>
					<StackFreeSV>0</StackFreeSV>
				</ProfObject>
				<ProfObject ObjectId="0x1e4ae10">
					<ObjectName>DatObjAlloc</ObjectName>
					<ObjectPriority>79</ObjectPriority>
					<StackSize>3976</StackSize>
					<StackFree>1684</StackFree>
					<StackSizeSV>0</StackSizeSV>
					<StackFreeSV>0</StackFreeSV>
				</ProfObject>
				<ProfObject ObjectId="0x1c90a3c">
					<ObjectName>_TEVCYCLIC_01ca46bc_000186a0</ObjectName>
					<ObjectPriority>83</ObjectPriority>
					<StackSize>884</StackSize>
					<StackFree>552</StackFree>
					<StackSizeSV>0</StackSizeSV>
					<StackFreeSV>0</StackFreeSV>
				</ProfObject>
				<ProfObject ObjectId="0x1c9041c">
					<ObjectName>_TEVCYCLIC_01ca46bc_000f4240</ObjectName>
					<ObjectPriority>83</ObjectPriority>
					<StackSize>884</StackSize>
					<StackFree>592</StackFree>
					<StackSizeSV>0</StackSizeSV>
					<StackFreeSV>0</StackFreeSV>
				</ProfObject>
				<ProfObject ObjectId="0x1b58234">
					<ObjectName>visuAT</ObjectName>
					<ObjectPriority>84</ObjectPriority>
					<StackSize>16268</StackSize>
					<StackFree>14448</StackFree>
					<StackSizeSV>0</StackSizeSV>
					<StackFreeSV>0</StackFreeSV>
				</ProfObject>
				<ProfObject ObjectId="0x1e95904">
					<ObjectName>cs_brmod</ObjectName>
					<ObjectPriority>87</ObjectPriority>
					<StackSize>3976</StackSize>
					<StackFree>2976</StackFree>
					<StackSizeSV>0</StackSizeSV>
					<StackFreeSV>0</StackFreeSV>
				</ProfObject>
				<ProfObject ObjectId="0x1e7d714">
					<ObjectName>arou</ObjectName>
					<ObjectPriority>90</ObjectPriority>
					<StackSize>3980</StackSize>
					<StackFree>3248</StackFree>
					<StackSizeSV>0</StackSizeSV>
					<StackFreeSV>0</StackFreeSV>
				</ProfObject>
				<ProfObject ObjectId="0x1f9dd08">
					<ObjectName>tDcacheUpd</ObjectName>
					<ObjectPriority>5</ObjectPriority>
					<StackSize>4988</StackSize>
					<StackFree>4292</StackFree>
					<StackSizeSV>0</StackSizeSV>
					<StackFreeSV>0</StackFreeSV>
				</ProfObject>
				<ProfObject ObjectId="0x1e96b38">
					<ObjectName>applader</ObjectName>
					<ObjectPriority>80</ObjectPriority>
					<StackSize>3976</StackSize>
					<StackFree>1260</StackFree>
					<StackSizeSV>0</StackSizeSV>
					<StackFreeSV>0</StackFreeSV>
				</ProfObject>
				<ProfObject ObjectId="0x1e74908">
					<ObjectName>SfEvHandler_47</ObjectName>
					<ObjectPriority>222</ObjectPriority>
					<StackSize>3972</StackSize>
					<StackFree>3476</StackFree>
					<StackSizeSV>0</StackSizeSV>
					<StackFreeSV>0</StackFreeSV>
				</ProfObject>
				<ProfObject ObjectId="0x1e67538">
					<ObjectName>_TEVCYCLIC_01e8ee00_0000c350</ObjectName>
					<ObjectPriority>89</ObjectPriority>
					<StackSize>884</StackSize>
					<StackFree>528</StackFree>
					<StackSizeSV>0</StackSizeSV>
					<StackFreeSV>0</StackFreeSV>
				</ProfObject>
				<ProfObject ObjectId="0x1eb1844">
					<ObjectName>NvFlushHandler</ObjectName>
					<ObjectPriority>85</ObjectPriority>
					<StackSize>3972</StackSize>
					<StackFree>1796</StackFree>
					<StackSizeSV>0</StackSizeSV>
					<StackFreeSV>0</StackFreeSV>
				</ProfObject>
				<ProfObject ObjectId="0x1e68c60">
					<ObjectName>IoSchedulerMain</ObjectName>
					<ObjectPriority>253</ObjectPriority>
					<StackSize>3972</StackSize>
					<StackFree>3528</StackFree>
					<StackSizeSV>0</StackSizeSV>
					<StackFreeSV>0</StackFreeSV>
				</ProfObject>
				<ProfObject ObjectId="0x1ed5c58">
					<ObjectName>tPortmapd</ObjectName>
					<ObjectPriority>155</ObjectPriority>
					<StackSize>4988</StackSize>
					<StackFree>4472</StackFree>
					<StackSizeSV>0</StackSizeSV>
					<StackFreeSV>0</StackFreeSV>
				</ProfObject>
				<ProfObject ObjectId="0x1ed4478">
					<ObjectName>tWdbTask</ObjectName>
					<ObjectPriority>252</ObjectPriority>
					<StackSize>3976</StackSize>
					<StackFree>3412</StackFree>
					<StackSizeSV>0</StackSizeSV>
					<StackFreeSV>0</StackFreeSV>
				</ProfObject>
				<ProfObject ObjectId="0x1e92268">
					<ObjectName>canio</ObjectName>
					<ObjectPriority>235</ObjectPriority>
					<StackSize>3980</StackSize>
					<StackFree>3236</StackFree>
					<StackSizeSV>0</StackSizeSV>
					<StackFreeSV>0</StackFreeSV>
				</ProfObject>
				<ProfObject ObjectId="0x1e65658">
					<ObjectName>_TEVCYCLIC_01e66a10_00002710</ObjectName>
					<ObjectPriority>80</ObjectPriority>
					<StackSize>884</StackSize>
					<StackFree>484</StackFree>
					<StackSizeSV>0</StackSizeSV>
					<StackFreeSV>0</StackFreeSV>
				</ProfObject>
				<ProfObject ObjectId="0x1c63258">
					<ObjectName>PI_WRITE</ObjectName>
					<ObjectPriority>60</ObjectPriority>
					<StackSize>19880</StackSize>
					<StackFree>19632</StackFree>
					<StackSizeSV>0</StackSizeSV>
					<StackFreeSV>0</StackFreeSV>
				</ProfObject>
				<ProfObject ObjectId="0x1b42d40">
					<ObjectName>IF3</ObjectName>
					<ObjectPriority>224</ObjectPriority>
					<StackSize>3984</StackSize>
					<StackFree>3384</StackFree>
					<StackSizeSV>0</StackSizeSV>
					<StackFreeSV>0</StackFreeSV>
				</ProfObject>
				<ProfObject ObjectId="0x1e97d6c">
					<ObjectName>sysserv</ObjectName>
					<ObjectPriority>89</ObjectPriority>
					<StackSize>3980</StackSize>
					<StackFree>1224</StackFree>
					<StackSizeSV>0</StackSizeSV>
					<StackFreeSV>0</StackFreeSV>
				</ProfObject>
				<ProfObject ObjectId="0x1ea9f68">
					<ObjectName>t2</ObjectName>
					<ObjectPriority>253</ObjectPriority>
					<StackSize>912</StackSize>
					<StackFree>512</StackFree>
					<StackSizeSV>0</StackSizeSV>
					<StackFreeSV>0</StackFreeSV>
				</ProfObject>
				<ProfObject ObjectId="0x1ea9948">
					<ObjectName>_TEVCYCLIC_01e7d714_00002710</ObjectName>
					<ObjectPriority>91</ObjectPriority>
					<StackSize>884</StackSize>
					<StackFree>532</StackFree>
					<StackSizeSV>0</StackSizeSV>
					<StackFreeSV>0</StackFreeSV>
				</ProfObject>
				<ProfObject ObjectId="0x1ec7294">
					<ObjectName>ROOT</ObjectName>
					<ObjectPriority>100</ObjectPriority>
					<StackSize>16268</StackSize>
					<StackFree>13524</StackFree>
					<StackSizeSV>0</StackSizeSV>
					<StackFreeSV>0</StackFreeSV>
				</ProfObject>
				<ProfObject ObjectId="0x1c7e0a0">
					<ObjectName>SfEvHandler_70</ObjectName>
					<ObjectPriority>222</ObjectPriority>
					<StackSize>3972</StackSize>
					<StackFree>3568</StackFree>
					<StackSizeSV>0</StackSizeSV>
					<StackFreeSV>0</StackFreeSV>
				</ProfObject>
				<ProfObject ObjectId="0x1ecbaa8">
					<ObjectName>tBAR_RTK</ObjectName>
					<ObjectPriority>55</ObjectPriority>
					<StackSize>2988</StackSize>
					<StackFree>1244</StackFree>
					<StackSizeSV>0</StackSizeSV>
					<StackFreeSV>0</StackFreeSV>
				</ProfObject>
				<ProfObject ObjectId="0x1e9349c">
					<ObjectName>profiler</ObjectName>
					<ObjectPriority>86</ObjectPriority>
					<StackSize>3976</StackSize>
					<StackFree>2560</StackFree>
					<StackSizeSV>0</StackSizeSV>
					<StackFreeSV>0</StackFreeSV>
				</ProfObject>
				<ProfObject ObjectId="0x1ca46bc">
					<ObjectName>visu</ObjectName>
					<ObjectPriority>82</ObjectPriority>
					<StackSize>35884</StackSize>
					<StackFree>32364</StackFree>
					<StackSizeSV>0</StackSizeSV>
					<StackFreeSV>0</StackFreeSV>
				</ProfObject>
				<ProfObject ObjectId="0x1c9a6a8">
					<ObjectName>KeyManager_visu</ObjectName>
					<ObjectPriority>87</ObjectPriority>
					<StackSize>19876</StackSize>
					<StackFree>19116</StackFree>
					<StackSizeSV>0</StackSizeSV>
					<StackFreeSV>0</StackFreeSV>
				</ProfObject>
				<ProfObject ObjectId="0x1c638a8">
					<ObjectName>_TEVCYCLIC_01c9a6a8_0000c350</ObjectName>
					<ObjectPriority>88</ObjectPriority>
					<StackSize>884</StackSize>
					<StackFree>484</StackFree>
					<StackSizeSV>0</StackSizeSV>
					<StackFreeSV>0</StackFreeSV>
				</ProfObject>
				<ProfObject ObjectId="0x1eaf784">
					<ObjectName>ArException</ObjectName>
					<ObjectPriority>254</ObjectPriority>
					<StackSize>3976</StackSize>
					<StackFree>3748</StackFree>
					<StackSizeSV>0</StackSizeSV>
					<StackFreeSV>0</StackFreeSV>
				</ProfObject>
				<ProfObject ObjectId="0x1e98fa0">
					<ObjectName>sysman</ObjectName>
					<ObjectPriority>220</ObjectPriority>
					<StackSize>3980</StackSize>
					<StackFree>2876</StackFree>
					<StackSizeSV>0</StackSizeSV>
					<StackFreeSV>0</StackFreeSV>
				</ProfObject>
				<ProfObject ObjectId="0x1e66fa4">
					<ObjectName>_TEVCYCLIC_01e8cbcc_0000c350</ObjectName>
					<ObjectPriority>89</ObjectPriority>
					<StackSize>884</StackSize>
					<StackFree>484</StackFree>
					<StackSizeSV>0</StackSizeSV>
					<StackFreeSV>0</StackFreeSV>
				</ProfObject>
				<ProfObject ObjectId="0x1fd0cf4">
					<ObjectName>tExcTask</ObjectName>
					<ObjectPriority>255</ObjectPriority>
					<StackSize>7988</StackSize>
					<StackFree>7752</StackFree>
					<StackSizeSV>0</StackSizeSV>
					<StackFreeSV>0</StackFreeSV>
				</ProfObject>
				<ProfObject ObjectId="0x1e946d0">
					<ObjectName>dbtracer</ObjectName>
					<ObjectPriority>86</ObjectPriority>
					<StackSize>3976</StackSize>
					<StackFree>2376</StackFree>
					<StackSizeSV>0</StackSizeSV>
					<StackFreeSV>0</StackFreeSV>
				</ProfObject>
				<ProfObject ObjectId="0x1e692f4">
					<ObjectName>TKIdleFiller</ObjectName>
					<ObjectPriority>3</ObjectPriority>
					<StackSize>900</StackSize>
					<StackFree>528</StackFree>
					<StackSizeSV>0</StackSizeSV>
					<StackFreeSV>0</StackFreeSV>
				</ProfObject>
				<ProfObject ObjectId="0x1c7f8f4">
					<ObjectName>t3</ObjectName>
					<ObjectPriority>95</ObjectPriority>
					<StackSize>3984</StackSize>
					<StackFree>3124</StackFree>
					<StackSizeSV>0</StackSizeSV>
					<StackFreeSV>0</StackFreeSV>
				</ProfObject>
				<ProfObject ObjectId="0x1e67acc">
					<ObjectName>_TEVCYCLIC_01e91034_0000c350</ObjectName>
					<ObjectPriority>89</ObjectPriority>
					<StackSize>884</StackSize>
					<StackFree>456</StackFree>
					<StackSizeSV>0</StackSizeSV>
					<StackFreeSV>0</StackFreeSV>
				</ProfObject>
				<ProfObject ObjectId="0x1fce3f0">
					<ObjectName>tLogTask</ObjectName>
					<ObjectPriority>255</ObjectPriority>
					<StackSize>4988</StackSize>
					<StackFree>4760</StackFree>
					<StackSizeSV>0</StackSizeSV>
					<StackFreeSV>0</StackFreeSV>
				</ProfObject>
				<ProfObject ObjectId="0x1ecfdf4">
					<ObjectName>tFtpdTask</ObjectName>
					<ObjectPriority>200</ObjectPriority>
					<StackSize>11988</StackSize>
					<StackFree>11704</StackFree>
					<StackSizeSV>0</StackSizeSV>
					<StackFreeSV>0</StackFreeSV>
				</ProfObject>
				<ProfObject ObjectId="0x1e761d0">
					<ObjectName>t1</ObjectName>
					<ObjectPriority>95</ObjectPriority>
					<StackSize>3984</StackSize>
					<StackFree>3476</StackFree>
					<StackSizeSV>0</StackSizeSV>
					<StackFreeSV>0</StackFreeSV>
				</ProfObject>
				<ProfObject ObjectId="0x1b196b8">
					<ObjectName>IDLE</ObjectName>
					<ObjectPriority>1</ObjectPriority>
					<StackSize>1932</StackSize>
					<StackFree>1892</StackFree>
					<StackSizeSV>0</StackSizeSV>
					<StackFreeSV>0</StackFreeSV>
				</ProfObject>
			</Objects>
		</ProfiledObj>
		<Logging CONTENT="Data-Module: Logging">
			<Entries>
			</Entries>
		</Logging>
	</Data>
	<Interpretation CONTENT="Logging-Results">
		<Version>2</Version>
		<Calculation>
			<Result>
				<ObjectName>TK #1</ObjectName>
				<CallCnt>118</CallCnt>
				<NettoMaxTime>860.00</NettoMaxTime>
				<NettoMinTime>758.00</NettoMinTime>
				<NettoAverageTime>776.10</NettoAverageTime>
				<BruttoMaxTime>1063.00</BruttoMaxTime>
				<BruttoMinTime>758.00</BruttoMinTime>
				<BruttoAverageTime>785.40</BruttoAverageTime>
				<CpuUsage>7.75</CpuUsage>
			</Result>
			<Result>
				<ObjectName>hs_mgr</ObjectName>
				<CallCnt>118</CallCnt>
				<NettoMaxTime>51.00</NettoMaxTime>
				<NettoMinTime>49.00</NettoMinTime>
				<NettoAverageTime>49.55</NettoAverageTime>
				<BruttoMaxTime>51.00</BruttoMaxTime>
				<BruttoMinTime>49.00</BruttoMinTime>
				<BruttoAverageTime>49.55</BruttoAverageTime>
				<CpuUsage>0.49</CpuUsage>
			</Result>
			<Result>
				<ObjectName>hs_loop</ObjectName>
				<CallCnt>118</CallCnt>
				<NettoMaxTime>195.00</NettoMaxTime>
				<NettoMinTime>98.00</NettoMinTime>
				<NettoAverageTime>99.43</NettoAverageTime>
				<BruttoMaxTime>337.00</BruttoMaxTime>
				<BruttoMinTime>98.00</BruttoMinTime>
				<BruttoAverageTime>100.64</BruttoAverageTime>
				<CpuUsage>0.99</CpuUsage>
			</Result>
			<Result>
				<ObjectName>mp_bms</ObjectName>
				<CallCnt>118</CallCnt>
				<NettoMaxTime>246.00</NettoMaxTime>
				<NettoMinTime>218.00</NettoMinTime>
				<NettoAverageTime>219.59</NettoAverageTime>
				<BruttoMaxTime>313.00</BruttoMaxTime>
				<BruttoMinTime>218.00</BruttoMinTime>
				<BruttoAverageTime>220.73</BruttoAverageTime>
				<CpuUsage>2.19</CpuUsage>
			</Result>
			<Result>
				<ObjectName>hs_fire</ObjectName>
				<CallCnt>118</CallCnt>
				<NettoMaxTime>53.00</NettoMaxTime>
				<NettoMinTime>51.00</NettoMinTime>
				<NettoAverageTime>52.03</NettoAverageTime>
				<BruttoMaxTime>53.00</BruttoMaxTime>
				<BruttoMinTime>51.00</BruttoMinTime>
				<BruttoAverageTime>52.03</BruttoAverageTime>
				<CpuUsage>0.52</CpuUsage>
			</Result>
			<Result>
				<ObjectName>ip_mgr</ObjectName>
				<CallCnt>118</CallCnt>
				<NettoMaxTime>165.00</NettoMaxTime>
				<NettoMinTime>135.00</NettoMinTime>
				<NettoAverageTime>137.29</NettoAverageTime>
				<BruttoMaxTime>236.00</BruttoMaxTime>
				<BruttoMinTime>135.00</BruttoMinTime>
				<BruttoAverageTime>137.89</BruttoAverageTime>
				<CpuUsage>1.37</CpuUsage>
			</Result>
			<Result>
				<ObjectName>TK #3</ObjectName>
				<CallCnt>23</CallCnt>
				<NettoMaxTime>82.00</NettoMaxTime>
				<NettoMinTime>62.00</NettoMinTime>
				<NettoAverageTime>66.96</NettoAverageTime>
				<BruttoMaxTime>82.00</BruttoMaxTime>
				<BruttoMinTime>62.00</BruttoMinTime>
				<BruttoAverageTime>66.96</BruttoAverageTime>
				<CpuUsage>0.13</CpuUsage>
			</Result>
			<Result>
				<ObjectName>TK #4</ObjectName>
				<CallCnt>12</CallCnt>
				<NettoMaxTime>97.00</NettoMaxTime>
				<NettoMinTime>90.00</NettoMinTime>
				<NettoAverageTime>92.08</NettoAverageTime>
				<BruttoMaxTime>97.00</BruttoMaxTime>
				<BruttoMinTime>90.00</BruttoMinTime>
				<BruttoAverageTime>92.08</BruttoAverageTime>
				<CpuUsage>0.09</CpuUsage>
			</Result>
			<Result>
				<ObjectName>ddmodem</ObjectName>
				<CallCnt>12</CallCnt>
				<NettoMaxTime>20.00</NettoMaxTime>
				<NettoMinTime>17.00</NettoMinTime>
				<NettoAverageTime>18.17</NettoAverageTime>
				<BruttoMaxTime>20.00</BruttoMaxTime>
				<BruttoMinTime>17.00</BruttoMinTime>
				<BruttoAverageTime>18.17</BruttoAverageTime>
				<CpuUsage>0.02</CpuUsage>
			</Result>
			<Result>
				<ObjectName>TK #5</ObjectName>
				<CallCnt>12</CallCnt>
				<NettoMaxTime>118.00</NettoMaxTime>
				<NettoMinTime>107.00</NettoMinTime>
				<NettoAverageTime>109.75</NettoAverageTime>
				<BruttoMaxTime>118.00</BruttoMaxTime>
				<BruttoMinTime>107.00</BruttoMinTime>
				<BruttoAverageTime>109.75</BruttoAverageTime>
				<CpuUsage>0.11</CpuUsage>
			</Result>
			<Result>
				<ObjectName>hs_trend</ObjectName>
				<CallCnt>12</CallCnt>
				<NettoMaxTime>36.00</NettoMaxTime>
				<NettoMinTime>33.00</NettoMinTime>
				<NettoAverageTime>33.92</NettoAverageTime>
				<BruttoMaxTime>36.00</BruttoMaxTime>
				<BruttoMinTime>33.00</BruttoMinTime>
				<BruttoAverageTime>33.92</BruttoAverageTime>
				<CpuUsage>0.03</CpuUsage>
			</Result>
			<Result>
				<ObjectName>tNetTask</ObjectName>
				<CallCnt>39</CallCnt>
				<NettoMaxTime>566.00</NettoMaxTime>
				<NettoMinTime>88.00</NettoMinTime>
				<NettoAverageTime>316.77</NettoAverageTime>
				<BruttoMaxTime>1621.00</BruttoMaxTime>
				<BruttoMinTime>88.00</BruttoMinTime>
				<BruttoAverageTime>386.38</BruttoAverageTime>
				<CpuUsage>1.05</CpuUsage>
			</Result>
			<Result>
				<ObjectName>inaiqdrv</ObjectName>
				<CallCnt>24</CallCnt>
				<NettoMaxTime>80.00</NettoMaxTime>
				<NettoMinTime>78.00</NettoMinTime>
				<NettoAverageTime>78.96</NettoAverageTime>
				<BruttoMaxTime>80.00</BruttoMaxTime>
				<BruttoMinTime>78.00</BruttoMinTime>
				<BruttoAverageTime>78.96</BruttoAverageTime>
				<CpuUsage>0.16</CpuUsage>
			</Result>
			<Result>
				<ObjectName>lociqdrv</ObjectName>
				<CallCnt>24</CallCnt>
				<NettoMaxTime>49.00</NettoMaxTime>
				<NettoMinTime>45.00</NettoMinTime>
				<NettoAverageTime>47.42</NettoAverageTime>
				<BruttoMaxTime>49.00</BruttoMaxTime>
				<BruttoMinTime>45.00</BruttoMinTime>
				<BruttoAverageTime>47.42</BruttoAverageTime>
				<CpuUsage>0.10</CpuUsage>
			</Result>
			<Result>
				<ObjectName>isaiqdrv</ObjectName>
				<CallCnt>24</CallCnt>
				<NettoMaxTime>41.00</NettoMaxTime>
				<NettoMinTime>39.00</NettoMinTime>
				<NettoAverageTime>39.92</NettoAverageTime>
				<BruttoMaxTime>41.00</BruttoMaxTime>
				<BruttoMinTime>39.00</BruttoMinTime>
				<BruttoAverageTime>39.92</BruttoAverageTime>
				<CpuUsage>0.08</CpuUsage>
			</Result>
			<Result>
				<ObjectName>FBEthReceive</ObjectName>
				<CallCnt>29</CallCnt>
				<NettoMaxTime>350.00</NettoMaxTime>
				<NettoMinTime>188.00</NettoMinTime>
				<NettoAverageTime>222.52</NettoAverageTime>
				<BruttoMaxTime>1463.00</BruttoMaxTime>
				<BruttoMinTime>188.00</BruttoMinTime>
				<BruttoAverageTime>319.28</BruttoAverageTime>
				<CpuUsage>0.55</CpuUsage>
			</Result>
			<Result>
				<ObjectName>FBEthSend</ObjectName>
				<CallCnt>29</CallCnt>
				<NettoMaxTime>626.00</NettoMaxTime>
				<NettoMinTime>461.00</NettoMinTime>
				<NettoAverageTime>508.28</NettoAverageTime>
				<BruttoMaxTime>1033.00</BruttoMaxTime>
				<BruttoMinTime>482.00</BruttoMinTime>
				<BruttoAverageTime>607.34</BruttoAverageTime>
				<CpuUsage>1.25</CpuUsage>
			</Result>
			<Result>
				<ObjectName>InaEvChk</ObjectName>
				<CallCnt>118</CallCnt>
				<NettoMaxTime>52.00</NettoMaxTime>
				<NettoMinTime>41.00</NettoMinTime>
				<NettoAverageTime>45.25</NettoAverageTime>
				<BruttoMaxTime>52.00</BruttoMaxTime>
				<BruttoMinTime>41.00</BruttoMinTime>
				<BruttoAverageTime>45.25</BruttoAverageTime>
				<CpuUsage>0.45</CpuUsage>
			</Result>
			<Result>
				<ObjectName>_TEVCYCLIC_01ca46bc_000186a0</ObjectName>
				<CallCnt>12</CallCnt>
				<NettoMaxTime>55.00</NettoMaxTime>
				<NettoMinTime>45.00</NettoMinTime>
				<NettoAverageTime>47.50</NettoAverageTime>
				<BruttoMaxTime>55.00</BruttoMaxTime>
				<BruttoMinTime>45.00</BruttoMinTime>
				<BruttoAverageTime>47.50</BruttoAverageTime>
				<CpuUsage>0.05</CpuUsage>
			</Result>
			<Result>
				<ObjectName>_TEVCYCLIC_01ca46bc_000f4240</ObjectName>
				<CallCnt>1</CallCnt>
				<NettoMaxTime>63.00</NettoMaxTime>
				<NettoMinTime>63.00</NettoMinTime>
				<NettoAverageTime>63.00</NettoAverageTime>
				<BruttoMaxTime>63.00</BruttoMaxTime>
				<BruttoMinTime>63.00</BruttoMinTime>
				<BruttoAverageTime>63.00</BruttoAverageTime>
				<CpuUsage>0.01</CpuUsage>
			</Result>
			<Result>
				<ObjectName>visuAT</ObjectName>
				<CallCnt>5</CallCnt>
				<NettoMaxTime>489.00</NettoMaxTime>
				<NettoMinTime>486.00</NettoMinTime>
				<NettoAverageTime>487.40</NettoAverageTime>
				<BruttoMaxTime>489.00</BruttoMaxTime>
				<BruttoMinTime>486.00</BruttoMinTime>
				<BruttoAverageTime>487.40</BruttoAverageTime>
				<CpuUsage>0.21</CpuUsage>
			</Result>
			<Result>
				<ObjectName>cs_brmod</ObjectName>
				<CallCnt>24</CallCnt>
				<NettoMaxTime>625.00</NettoMaxTime>
				<NettoMinTime>361.00</NettoMinTime>
				<NettoAverageTime>479.17</NettoAverageTime>
				<BruttoMaxTime>2579.00</BruttoMaxTime>
				<BruttoMinTime>466.00</BruttoMinTime>
				<BruttoAverageTime>1230.46</BruttoAverageTime>
				<CpuUsage>0.97</CpuUsage>
			</Result>
			<Result>
				<ObjectName>arou</ObjectName>
				<CallCnt>170</CallCnt>
				<NettoMaxTime>524.00</NettoMaxTime>
				<NettoMinTime>52.00</NettoMinTime>
				<NettoAverageTime>132.18</NettoAverageTime>
				<BruttoMaxTime>2128.00</BruttoMaxTime>
				<BruttoMinTime>52.00</BruttoMinTime>
				<BruttoAverageTime>283.70</BruttoAverageTime>
				<CpuUsage>1.90</CpuUsage>
			</Result>
			<Result>
				<ObjectName>tDcacheUpd</ObjectName>
				<CallCnt>5</CallCnt>
				<NettoMaxTime>394.00</NettoMaxTime>
				<NettoMinTime>228.00</NettoMinTime>
				<NettoAverageTime>294.60</NettoAverageTime>
				<BruttoMaxTime>394.00</BruttoMaxTime>
				<BruttoMinTime>228.00</BruttoMinTime>
				<BruttoAverageTime>294.60</BruttoAverageTime>
				<CpuUsage>0.12</CpuUsage>
			</Result>
			<Result>
				<ObjectName>_TEVCYCLIC_01e8ee00_0000c350</ObjectName>
				<CallCnt>24</CallCnt>
				<NettoMaxTime>55.00</NettoMaxTime>
				<NettoMinTime>51.00</NettoMinTime>
				<NettoAverageTime>52.42</NettoAverageTime>
				<BruttoMaxTime>55.00</BruttoMaxTime>
				<BruttoMinTime>51.00</BruttoMinTime>
				<BruttoAverageTime>52.42</BruttoAverageTime>
				<CpuUsage>0.11</CpuUsage>
			</Result>
			<Result>
				<ObjectName>IoSchedulerMain</ObjectName>
				<CallCnt>1182</CallCnt>
				<NettoMaxTime>169.00</NettoMaxTime>
				<NettoMinTime>42.00</NettoMinTime>
				<NettoAverageTime>63.04</NettoAverageTime>
				<BruttoMaxTime>297.00</BruttoMaxTime>
				<BruttoMinTime>42.00</BruttoMinTime>
				<BruttoAverageTime>63.31</BruttoAverageTime>
				<CpuUsage>6.31</CpuUsage>
			</Result>
			<Result>
				<ObjectName>canio</ObjectName>
				<CallCnt>118</CallCnt>
				<NettoMaxTime>245.00</NettoMaxTime>
				<NettoMinTime>50.00</NettoMinTime>
				<NettoAverageTime>63.05</NettoAverageTime>
				<BruttoMaxTime>245.00</BruttoMaxTime>
				<BruttoMinTime>50.00</BruttoMinTime>
				<BruttoAverageTime>63.05</BruttoAverageTime>
				<CpuUsage>0.63</CpuUsage>
			</Result>
			<Result>
				<ObjectName>_TEVCYCLIC_01e66a10_00002710</ObjectName>
				<CallCnt>118</CallCnt>
				<NettoMaxTime>124.00</NettoMaxTime>
				<NettoMinTime>49.00</NettoMinTime>
				<NettoAverageTime>53.08</NettoAverageTime>
				<BruttoMaxTime>354.00</BruttoMaxTime>
				<BruttoMinTime>49.00</BruttoMinTime>
				<BruttoAverageTime>55.03</BruttoAverageTime>
				<CpuUsage>0.53</CpuUsage>
			</Result>
			<Result>
				<ObjectName>IF3</ObjectName>
				<CallCnt>12</CallCnt>
				<NettoMaxTime>169.00</NettoMaxTime>
				<NettoMinTime>75.00</NettoMinTime>
				<NettoAverageTime>115.58</NettoAverageTime>
				<BruttoMaxTime>280.00</BruttoMaxTime>
				<BruttoMinTime>75.00</BruttoMinTime>
				<BruttoAverageTime>152.17</BruttoAverageTime>
				<CpuUsage>0.12</CpuUsage>
			</Result>
			<Result>
				<ObjectName>t2</ObjectName>
				<CallCnt>1182</CallCnt>
				<NettoMaxTime>95.00</NettoMaxTime>
				<NettoMinTime>38.00</NettoMinTime>
				<NettoAverageTime>46.71</NettoAverageTime>
				<BruttoMaxTime>194.00</BruttoMaxTime>
				<BruttoMinTime>38.00</BruttoMinTime>
				<BruttoAverageTime>46.87</BruttoAverageTime>
				<CpuUsage>4.67</CpuUsage>
			</Result>
			<Result>
				<ObjectName>_TEVCYCLIC_01e7d714_00002710</ObjectName>
				<CallCnt>118</CallCnt>
				<NettoMaxTime>54.00</NettoMaxTime>
				<NettoMinTime>46.00</NettoMinTime>
				<NettoAverageTime>50.45</NettoAverageTime>
				<BruttoMaxTime>54.00</BruttoMaxTime>
				<BruttoMinTime>46.00</BruttoMinTime>
				<BruttoAverageTime>50.45</BruttoAverageTime>
				<CpuUsage>0.50</CpuUsage>
			</Result>
			<Result>
				<ObjectName>ROOT</ObjectName>
				<CallCnt>118</CallCnt>
				<NettoMaxTime>56.00</NettoMaxTime>
				<NettoMinTime>46.00</NettoMinTime>
				<NettoAverageTime>49.77</NettoAverageTime>
				<BruttoMaxTime>56.00</BruttoMaxTime>
				<BruttoMinTime>46.00</BruttoMinTime>
				<BruttoAverageTime>49.77</BruttoAverageTime>
				<CpuUsage>0.50</CpuUsage>
			</Result>
			<Result>
				<ObjectName>profiler</ObjectName>
				<CallCnt>1</CallCnt>
				<NettoMaxTime>357.00</NettoMaxTime>
				<NettoMinTime>357.00</NettoMinTime>
				<NettoAverageTime>357.00</NettoAverageTime>
				<BruttoMaxTime>1246.00</BruttoMaxTime>
				<BruttoMinTime>1246.00</BruttoMinTime>
				<BruttoAverageTime>1246.00</BruttoAverageTime>
				<CpuUsage>0.03</CpuUsage>
			</Result>
			<Result>
				<ObjectName>visu</ObjectName>
				<CallCnt>13</CallCnt>
				<NettoMaxTime>2018.00</NettoMaxTime>
				<NettoMinTime>234.00</NettoMinTime>
				<NettoAverageTime>736.08</NettoAverageTime>
				<BruttoMaxTime>2413.00</BruttoMaxTime>
				<BruttoMinTime>234.00</BruttoMinTime>
				<BruttoAverageTime>766.46</BruttoAverageTime>
				<CpuUsage>0.81</CpuUsage>
			</Result>
			<Result>
				<ObjectName>KeyManager_visu</ObjectName>
				<CallCnt>24</CallCnt>
				<NettoMaxTime>70.00</NettoMaxTime>
				<NettoMinTime>63.00</NettoMinTime>
				<NettoAverageTime>65.75</NettoAverageTime>
				<BruttoMaxTime>70.00</BruttoMaxTime>
				<BruttoMinTime>63.00</BruttoMinTime>
				<BruttoAverageTime>65.75</BruttoAverageTime>
				<CpuUsage>0.13</CpuUsage>
			</Result>
			<Result>
				<ObjectName>_TEVCYCLIC_01c9a6a8_0000c350</ObjectName>
				<CallCnt>24</CallCnt>
				<NettoMaxTime>61.00</NettoMaxTime>
				<NettoMinTime>57.00</NettoMinTime>
				<NettoAverageTime>58.75</NettoAverageTime>
				<BruttoMaxTime>61.00</BruttoMaxTime>
				<BruttoMinTime>57.00</BruttoMinTime>
				<BruttoAverageTime>58.75</BruttoAverageTime>
				<CpuUsage>0.12</CpuUsage>
			</Result>
			<Result>
				<ObjectName>sysman</ObjectName>
				<CallCnt>118</CallCnt>
				<NettoMaxTime>282.00</NettoMaxTime>
				<NettoMinTime>107.00</NettoMinTime>
				<NettoAverageTime>143.14</NettoAverageTime>
				<BruttoMaxTime>282.00</BruttoMaxTime>
				<BruttoMinTime>107.00</BruttoMinTime>
				<BruttoAverageTime>143.69</BruttoAverageTime>
				<CpuUsage>1.43</CpuUsage>
			</Result>
			<Result>
				<ObjectName>_TEVCYCLIC_01e8cbcc_0000c350</ObjectName>
				<CallCnt>24</CallCnt>
				<NettoMaxTime>48.00</NettoMaxTime>
				<NettoMinTime>43.00</NettoMinTime>
				<NettoAverageTime>45.75</NettoAverageTime>
				<BruttoMaxTime>48.00</BruttoMaxTime>
				<BruttoMinTime>43.00</BruttoMinTime>
				<BruttoAverageTime>45.75</BruttoAverageTime>
				<CpuUsage>0.09</CpuUsage>
			</Result>
			<Result>
				<ObjectName>TKIdleFiller</ObjectName>
				<CallCnt>1</CallCnt>
				<NettoMaxTime>33744.00</NettoMaxTime>
				<NettoMinTime>33744.00</NettoMinTime>
				<NettoAverageTime>33744.00</NettoAverageTime>
				<BruttoMaxTime>33744.00</BruttoMaxTime>
				<BruttoMinTime>33744.00</BruttoMinTime>
				<BruttoAverageTime>33744.00</BruttoAverageTime>
				<CpuUsage>2.86</CpuUsage>
			</Result>
			<Result>
				<ObjectName>_TEVCYCLIC_01e91034_0000c350</ObjectName>
				<CallCnt>24</CallCnt>
				<NettoMaxTime>48.00</NettoMaxTime>
				<NettoMinTime>45.00</NettoMinTime>
				<NettoAverageTime>46.67</NettoAverageTime>
				<BruttoMaxTime>48.00</BruttoMaxTime>
				<BruttoMinTime>45.00</BruttoMinTime>
				<BruttoAverageTime>46.67</BruttoAverageTime>
				<CpuUsage>0.09</CpuUsage>
			</Result>
			<Result>
				<ObjectName>Interrupt 10</ObjectName>
				<CallCnt>12</CallCnt>
				<NettoMaxTime>138.00</NettoMaxTime>
				<NettoMinTime>101.00</NettoMinTime>
				<NettoAverageTime>121.75</NettoAverageTime>
				<BruttoMaxTime>138.00</BruttoMaxTime>
				<BruttoMinTime>101.00</BruttoMinTime>
				<BruttoAverageTime>121.75</BruttoAverageTime>
				<CpuUsage>0.12</CpuUsage>
			</Result>
			<Result>
				<ObjectName>Interrupt 9</ObjectName>
				<CallCnt>58</CallCnt>
				<NettoMaxTime>92.00</NettoMaxTime>
				<NettoMinTime>31.00</NettoMinTime>
				<NettoAverageTime>49.02</NettoAverageTime>
				<BruttoMaxTime>92.00</BruttoMaxTime>
				<BruttoMinTime>31.00</BruttoMinTime>
				<BruttoAverageTime>49.02</BruttoAverageTime>
				<CpuUsage>0.24</CpuUsage>
			</Result>
			<Result>
				<ObjectName>IDLE</ObjectName>
				<CallCnt>1</CallCnt>
				<NettoMaxTime>776731.00</NettoMaxTime>
				<NettoMinTime>776731.00</NettoMinTime>
				<NettoAverageTime>776731.00</NettoAverageTime>
				<BruttoMaxTime>776731.00</BruttoMaxTime>
				<BruttoMinTime>776731.00</BruttoMinTime>
				<BruttoAverageTime>776731.00</BruttoAverageTime>
				<CpuUsage>65.73</CpuUsage>
			</Result>
		</Calculation>
	</Interpretation>
</Profiler>
