    <?xml version="1.0"?>

<tree  xmlns:dt="urn:schemas-microsoft-com:datatypes">

<n ID="DEVICES">

<n ID="REMMEM">
<d ID="DDriverName" dt:dt="string">DdNtNvFile</d>
<d ID="DDriverType" dt:dt="ui4">6</d>
<d ID="StartMode" dt:dt="ui4">1</d>
<d ID="DeviceParam" dt:dt="string">/DEVICE=RPSHD /PATH=REMMEM</d>
<d ID="DeviceDependence" dt:dt="string">RPSHD</d>
</n>

<n ID="USERRAM">
<d ID="DDriverName" dt:dt="string">DdNtNvFile</d>
<d ID="DDriverType" dt:dt="ui4">6</d>
<d ID="StartMode" dt:dt="ui4">1</d>
<d ID="DeviceParam" dt:dt="string">/DEVICE=RPSHD /PATH=USERRAM</d>
<d ID="DeviceDependence" dt:dt="string">RPSHD</d>
</n>

<n ID="SWIOTIMER">
<d ID="DDriverName" dt:dt="string">DdxxSWIOT</d>
<d ID="DDriverType" dt:dt="ui4">11</d>
<d ID="StartMode" dt:dt="ui4">1</d>
</n>

</n>


<n ID="INA2000">
<d ID="Connections" dt:dt="ui4">4</d>
<d ID="FastCommunication" dt:dt="ui4">1</d>
</n>


<n ID="INADEVICES">

<n ID="IF3">
<d ID="FbDriverName" dt:dt="string">FbEthUdp</d>
<d ID="Device" dt:dt="string">IF3</d>
<d ID="StartMode" dt:dt="ui4">1</d>
<d ID="InaNode" dt:dt="ui4">2</d>
</n>

</n>

<n ID="ETHERNET">

<n ID="vxTarget">
<d ID="StartMode" dt:dt="ui4">0</d>
<d ID="InterfaceName" dt:dt="string">eeE0</d>
<d ID="InternetAddress" dt:dt="string">127.0.0.1</d>
<d ID="BroadcastAddress" dt:dt="string">127.0.0.1</d>
<d ID="NetMask" dt:dt="ui4">4278190080</d>
<d ID="DefaultGateway" dt:dt="string"></d>
</n>

</n>


<n ID="TASKS">

<n ID="debg">
<d ID="Priority" dt:dt="ui4">240</d>
</n>

<n ID="IOHwCopy">
<d ID="Priority" dt:dt="ui4">209</d>
</n>

<n ID="TcIdleGen">
<d ID="Priority" dt:dt="ui4">209</d>
</n>

<n ID="IOSwCopy">
<d ID="Priority" dt:dt="ui4">209</d>
</n>

<n ID="canio">
<d ID="Priority" dt:dt="ui4">209</d>
</n>

<n ID="IOException">
<d ID="Priority" dt:dt="ui4">207</d>
</n>

<n ID="TC_High">
<d ID="Priority" dt:dt="ui4">204</d>
</n>

<n ID="ddntcnTransmitHandler">
<d ID="Priority" dt:dt="ui4">195</d>
</n>

<n ID="ddntcnReceiveHandler">
<d ID="Priority" dt:dt="ui4">186</d>
</n>

<n ID="Can2DDTask">
<d ID="Priority" dt:dt="ui4">185</d>
</n>

<n ID="TC_Low">
<d ID="Priority" dt:dt="ui4">182</d>
</n>

<n ID="PnPManager">
<d ID="Priority" dt:dt="ui4">181</d>
</n>

<n ID="IOPnP">
<d ID="Priority" dt:dt="ui4">181</d>
</n>

<n ID="IOAcyclicAccess">
<d ID="Priority" dt:dt="ui4">181</d>
</n>

<n ID="Ethernet">
<d ID="Priority" dt:dt="ui4">181</d>
</n>

<n ID="SfEventHandler">
<d ID="Priority" dt:dt="ui4">180</d>
</n>

<n ID="FBSF_EventHandler">
<d ID="Priority" dt:dt="ui4">179</d>
</n>

<n ID="FBEthSend">
<d ID="Priority" dt:dt="ui4">178</d>
</n>

<n ID="FBEthReceive">
<d ID="Priority" dt:dt="ui4">177</d>
</n>

<n ID="FileIO">
<d ID="Priority" dt:dt="ui4">174</d>
</n>

<n ID="arou">
<d ID="Priority" dt:dt="ui4">104</d>
</n>

<n ID="sysserv">
<d ID="Priority" dt:dt="ui4">173</d>
</n>

<n ID="inaiqdrv">
<d ID="Priority" dt:dt="ui4">172</d>
</n>

<n ID="lociqdrv">
<d ID="Priority" dt:dt="ui4">172</d>
</n>

<n ID="periqdrv">
<d ID="Priority" dt:dt="ui4">172</d>
</n>

<n ID="cs_brmod">
<d ID="Priority" dt:dt="ui4">171</d>
</n>

<n ID="net2000">
<d ID="Priority" dt:dt="ui4">171</d>
</n>

<n ID="dbtracer">
<d ID="Priority" dt:dt="ui4">170</d>
</n>

<n ID="ARRegNvHandler">
<d ID="Priority" dt:dt="ui4">169</d>
</n>

<n ID="AsARCfg">
<d ID="Priority" dt:dt="ui4">168</d>
</n>

<n ID="AsIO">
<d ID="Priority" dt:dt="ui4">167</d>
</n>

<n ID="applader">
<d ID="Priority" dt:dt="ui4">164</d>
</n>

<n ID="InaEvChk">
<d ID="Priority" dt:dt="ui4">163</d>
</n>

<n ID="Net2000Event">
<d ID="Priority" dt:dt="ui4">163</d>
</n>

<n ID="DatObjAllocHandler">
<d ID="Priority" dt:dt="ui4">163</d>
</n>

<n ID="AsHW">
<d ID="Priority" dt:dt="ui4">154</d>
</n>

<n ID="Install">
<d ID="Priority" dt:dt="ui4">95</d>
</n>

<n ID="AsArProf">
<d ID="Priority" dt:dt="ui4">85</d>
</n>

<n ID="AsIOMMan">
<d ID="Priority" dt:dt="ui4">84</d>
</n>

<n ID="spooler">
<d ID="Priority" dt:dt="ui4">75</d>
</n>

<n ID="AsIODiag">
<d ID="Priority" dt:dt="ui4">40</d>
</n>

<n ID="AsHost">
<d ID="Priority" dt:dt="ui4">20</d>
</n>

<n ID="TcIdleFiller">
<d ID="Priority" dt:dt="ui4">3</d>
</n>

<n ID="TcIdle">
<d ID="Priority" dt:dt="ui4">2</d>
</n>

</n>


<n ID="ARLOGGER">

<n ID="ARLOGSYS">
<d ID="LogDataLen" dt:dt="ui4">204800</d>
<d ID="LogID" dt:dt="ui4">0</d>
</n>

<n ID="ARLOGUSR">
<d ID="LogDataLen" dt:dt="ui4">204800</d>
<d ID="LogID" dt:dt="ui4">1</d>
</n>

<n ID="fieldbus">
<d ID="LogDataLen" dt:dt="ui4">204800</d>
<d ID="LogID" dt:dt="ui4">2</d>
</n>

</n>


<n ID="BOOTPROPERTIES">
<d ID="AfterReset" dt:dt="ui4">1</d>
<d ID="AfterPowerFail" dt:dt="ui4">1</d>
</n>


<n ID="GLOBALPV">
<d ID="VolatileSize" dt:dt="ui4">4096</d>
<d ID="RemanentSize" dt:dt="ui4">4096</d>
<d ID="PermanentSize" dt:dt="ui4">0</d>
</n>


<n ID="SYSTEMTABLES">
<d ID="CyclicTasks" dt:dt="ui4">150</d>
<d ID="NonCycUsrTasks" dt:dt="ui4">2</d>
<d ID="NonCycSysTasks" dt:dt="ui4">32</d>
<d ID="PvTables" dt:dt="ui4">150</d>
<d ID="BRModules" dt:dt="ui4">200</d>
</n>


<n ID="CYCLICSYSTEM">
<d ID="SystemTick" dt:dt="ui4">1000</d>
<d ID="TimerDevice" dt:dt="string">SWIOTIMER</d>

<n ID="IDLETIME">
<d ID="CycleTime" dt:dt="ui4">100000</d>
<d ID="IdleTime" dt:dt="ui4">0</d>
</n>

<n ID="TASKCLASSES">

<n ID="TC#1">
<d ID="CycleTime" dt:dt="ui4">100000</d>
<d ID="Tolerance" dt:dt="ui4">10000000</d>
<d ID="Stack" dt:dt="ui4">8196</d>
<d ID="Priority" dt:dt="ui4">204</d>
</n>

<n ID="TC#2">
<d ID="CycleTime" dt:dt="ui4">200000</d>
<d ID="Tolerance" dt:dt="ui4">10000000</d>
<d ID="Stack" dt:dt="ui4">8196</d>
<d ID="Priority" dt:dt="ui4">182</d>
</n>

<n ID="TC#3">
<d ID="CycleTime" dt:dt="ui4">500000</d>
<d ID="Tolerance" dt:dt="ui4">10000000</d>
<d ID="Stack" dt:dt="ui4">8196</d>
<d ID="Priority" dt:dt="ui4">182</d>
</n>

<n ID="TC#4">
<d ID="CycleTime" dt:dt="ui4">1000000</d>
<d ID="Tolerance" dt:dt="ui4">10000000</d>
<d ID="Stack" dt:dt="ui4">8196</d>
<d ID="Priority" dt:dt="ui4">182</d>
</n>

<n ID="TC#5">
<d ID="CycleTime" dt:dt="ui4">2000000</d>
<d ID="Tolerance" dt:dt="ui4">10000000</d>
<d ID="Stack" dt:dt="ui4">8196</d>
<d ID="Priority" dt:dt="ui4">182</d>
</n>

<n ID="TC#6">
<d ID="CycleTime" dt:dt="ui4">3000000</d>
<d ID="Tolerance" dt:dt="ui4">12000000</d>
<d ID="Stack" dt:dt="ui4">8196</d>
<d ID="Priority" dt:dt="ui4">182</d>
</n>

<n ID="TC#7">
<d ID="CycleTime" dt:dt="ui4">4000000</d>
<d ID="Tolerance" dt:dt="ui4">12000000</d>
<d ID="Stack" dt:dt="ui4">8196</d>
<d ID="Priority" dt:dt="ui4">182</d>
</n>

<n ID="TC#8">
<d ID="CycleTime" dt:dt="ui4">5000000</d>
<d ID="Tolerance" dt:dt="ui4">30000000</d>
<d ID="Stack" dt:dt="ui4">8196</d>
<d ID="Priority" dt:dt="ui4">182</d>
</n>

</n>

</n>


</tree>
