<BUILDINFO><PROPERTY P_NAME="TEMP_DIRECTORY" VALUE="C:/Documents and Settings/paulinw/My Documents/4_Mac/BMS/bms/Temp/Objects/MainStation/PP420/PW35/"/><PROPERTY P_NAME="CREATE_TXT_FILES" VALUE="0"/><PROPERTY P_NAME="WARNING_ON_INCOMPATIBLE_VARIABLES" VALUE="0"/><PROPERTY P_NAME="VARIABLE_CSV" VALUE=""/><PROPERTY P_NAME="MODULADRESS" VALUE="SL1.SS1.IF2.ST4"/><PROPERTY P_NAME="CANDRIVER_PARAMETER" VALUE="/IF=SL1.SS1.IF2 /DA=4 /BD=250000"/><PROPERTY P_NAME="X2XDRIVER_PARAMETER" VALUE=""/><PROPERTY P_NAME="SERDRIVER_PARAMETER" VALUE=""/><PROPERTY P_NAME="TOUCHINTERFACE" VALUE=""/><PROPERTY P_NAME="HWCFILE_PATH" VALUE="C:\Program Files\BrAutomation\AS30080\AS/Hardware/4PW035.E300-01.hwc"/><PROPERTY P_NAME="PRINTER" VALUE="None"/><PROPERTY P_NAME="TARGETTYPE" VALUE="i386"/><PROPERTY P_NAME="CONTROLLER_HWCFILEPATH" VALUE="C:/Program Files/BrAutomation/AS30080/as/hardware/4PW035.E300-01.hwc"/><PROPERTY P_NAME="KEYMATRIX_PRIORITY" VALUE="255"/><PROPERTY P_NAME="MODULEVERSION" VALUE="V1.00.0"/><PROPERTY P_NAME="VERBOSE" VALUE="0"/></BUILDINFO>
