<?xml version = "1.0"?>
<?Profiler Version = 1.0?>
<?xml-stylesheet type="text/xsl" href="Profiler.xsl"?>
<!--Profiler generated XML-File-->
<Profiler TITLE="Profiler, the Results" AUTHOR="BuR AutomationStudio: Profiler">
	<Definition CONTENT="Definition-Module">
		<Profiler>2</Profiler>
		<LogEvent Event="0x7">
			<EventType>Group Task-Switch</EventType>
			<EventType>Group IRQ-Handler</EventType>
			<EventType>Group Cyclic-Tasks</EventType>
		</LogEvent>
		<LogMode Mode="0x0">LogUntilBufferIsFull</LogMode>
		<BufferSize>102400</BufferSize>
		<AddDataSize>0</AddDataSize>
	</Definition>
	<Data>
		<Header CONTENT="Data-Module: Header">
			<Version>2</Version>
			<StartOffset>0</StartOffset>
			<StopOffset>6399</StopOffset>
			<ProfileState>6</ProfileState>
			<ObjectCnt>79</ObjectCnt>
			<DataCnt>6400</DataCnt>
			<TicksPerUsec>1.000</TicksPerUsec>
			<Time>
				<Year>2002</Year>
				<Month>12</Month>
				<Day>24</Day>
				<Reserve>2</Reserve>
				<Hour>16</Hour>
				<Minute>47</Minute>
				<Second>31</Second>
				<Millisec>0</Millisec>
			</Time>
		</Header>
		<ProfiledObj CONTENT="Data-Module: ProfilesObjects">
			<Library>
			</Library>
			<Objects>
				<ProfObject ObjectId="0x1bd79d0">
					<ObjectName>TK #1</ObjectName>
					<ObjectPriority>230</ObjectPriority>
					<StackSize>8076</StackSize>
					<StackFree>7844</StackFree>
					<StackSizeSV>0</StackSizeSV>
					<StackFreeSV>0</StackFreeSV>
				</ProfObject>
				<ProfObject ObjectId="0x1bd579c">
					<ObjectName>TK #2</ObjectName>
					<ObjectPriority>218</ObjectPriority>
					<StackSize>8076</StackSize>
					<StackFree>7324</StackFree>
					<StackSizeSV>0</StackSizeSV>
					<StackFreeSV>0</StackFreeSV>
				</ProfObject>
				<ProfObject ObjectId="0x1bd3568">
					<ObjectName>TK #3</ObjectName>
					<ObjectPriority>200</ObjectPriority>
					<StackSize>8076</StackSize>
					<StackFree>7840</StackFree>
					<StackSizeSV>0</StackSizeSV>
					<StackFreeSV>0</StackFreeSV>
				</ProfObject>
				<ProfObject ObjectId="0x1bd1334">
					<ObjectName>TK #4</ObjectName>
					<ObjectPriority>198</ObjectPriority>
					<StackSize>8076</StackSize>
					<StackFree>6544</StackFree>
					<StackSizeSV>0</StackSizeSV>
					<StackFreeSV>0</StackFreeSV>
				</ProfObject>
				<ProfObject ObjectId="0x1bcf100">
					<ObjectName>TK #5</ObjectName>
					<ObjectPriority>196</ObjectPriority>
					<StackSize>8076</StackSize>
					<StackFree>6980</StackFree>
					<StackSizeSV>0</StackSizeSV>
					<StackFreeSV>0</StackFreeSV>
				</ProfObject>
				<ProfObject ObjectId="0x1bd9c04">
					<ObjectName>isaiqdrv</ObjectName>
					<ObjectPriority>88</ObjectPriority>
					<StackSize>8072</StackSize>
					<StackFree>7200</StackFree>
					<StackSizeSV>0</StackSizeSV>
					<StackFreeSV>0</StackFreeSV>
				</ProfObject>
				<ProfObject ObjectId="0x1a6fa00">
					<ObjectName>visuAT</ObjectName>
					<ObjectPriority>84</ObjectPriority>
					<StackSize>16268</StackSize>
					<StackFree>14496</StackFree>
					<StackSizeSV>0</StackSizeSV>
					<StackFreeSV>0</StackFreeSV>
				</ProfObject>
				<ProfObject ObjectId="0x1a509dc">
					<ObjectName>InaEvChk</ObjectName>
					<ObjectPriority>79</ObjectPriority>
					<StackSize>3976</StackSize>
					<StackFree>3256</StackFree>
					<StackSizeSV>0</StackSizeSV>
					<StackFreeSV>0</StackFreeSV>
				</ProfObject>
				<ProfObject ObjectId="0x1bb7214">
					<ObjectName>arou</ObjectName>
					<ObjectPriority>90</ObjectPriority>
					<StackSize>3980</StackSize>
					<StackFree>2800</StackFree>
					<StackSizeSV>0</StackSizeSV>
					<StackFreeSV>0</StackFreeSV>
				</ProfObject>
				<ProfObject ObjectId="0x1ed2d24">
					<ObjectName>tWdbTask</ObjectName>
					<ObjectPriority>252</ObjectPriority>
					<StackSize>3976</StackSize>
					<StackFree>3412</StackFree>
					<StackSizeSV>0</StackSizeSV>
					<StackFreeSV>0</StackFreeSV>
				</ProfObject>
				<ProfObject ObjectId="0x1bdbe38">
					<ObjectName>lociqdrv</ObjectName>
					<ObjectPriority>88</ObjectPriority>
					<StackSize>8072</StackSize>
					<StackFree>7280</StackFree>
					<StackSizeSV>0</StackSizeSV>
					<StackFreeSV>0</StackFreeSV>
				</ProfObject>
				<ProfObject ObjectId="0x1f9dd08">
					<ObjectName>tDcacheUpd</ObjectName>
					<ObjectPriority>5</ObjectPriority>
					<StackSize>4988</StackSize>
					<StackFree>4664</StackFree>
					<StackSizeSV>0</StackSizeSV>
					<StackFreeSV>0</StackFreeSV>
				</ProfObject>
				<ProfObject ObjectId="0x1be1708">
					<ObjectName>dbtracer</ObjectName>
					<ObjectPriority>86</ObjectPriority>
					<StackSize>3976</StackSize>
					<StackFree>3516</StackFree>
					<StackSizeSV>0</StackSizeSV>
					<StackFreeSV>0</StackFreeSV>
				</ProfObject>
				<ProfObject ObjectId="0x1a4d928">
					<ObjectName>_TEVCYCLIC_01a509dc_00002710</ObjectName>
					<ObjectPriority>80</ObjectPriority>
					<StackSize>884</StackSize>
					<StackFree>556</StackFree>
					<StackSizeSV>0</StackSizeSV>
					<StackFreeSV>0</StackFreeSV>
				</ProfObject>
				<ProfObject ObjectId="0x1bb2b10">
					<ObjectName>KeyManager_visu</ObjectName>
					<ObjectPriority>87</ObjectPriority>
					<StackSize>19876</StackSize>
					<StackFree>19116</StackFree>
					<StackSizeSV>0</StackSizeSV>
					<StackFreeSV>0</StackFreeSV>
				</ProfObject>
				<ProfObject ObjectId="0x1ba8934">
					<ObjectName>_TEVCYCLIC_01bcce6c_000186a0</ObjectName>
					<ObjectPriority>83</ObjectPriority>
					<StackSize>884</StackSize>
					<StackFree>588</StackFree>
					<StackSizeSV>0</StackSizeSV>
					<StackFreeSV>0</StackFreeSV>
				</ProfObject>
				<ProfObject ObjectId="0x1ba8314">
					<ObjectName>_TEVCYCLIC_01bcce6c_000f4240</ObjectName>
					<ObjectPriority>83</ObjectPriority>
					<StackSize>884</StackSize>
					<StackFree>628</StackFree>
					<StackSizeSV>0</StackSizeSV>
					<StackFreeSV>0</StackFreeSV>
				</ProfObject>
				<ProfObject ObjectId="0x1e8471c">
					<ObjectName>ROOT</ObjectName>
					<ObjectPriority>100</ObjectPriority>
					<StackSize>16268</StackSize>
					<StackFree>13368</StackFree>
					<StackSizeSV>0</StackSizeSV>
					<StackFreeSV>0</StackFreeSV>
				</ProfObject>
				<ProfObject ObjectId="0x1e6c31c">
					<ObjectName>ArException</ObjectName>
					<ObjectPriority>254</ObjectPriority>
					<StackSize>3976</StackSize>
					<StackFree>3748</StackFree>
					<StackSizeSV>0</StackSizeSV>
					<StackFreeSV>0</StackFreeSV>
				</ProfObject>
				<ProfObject ObjectId="0x1be293c">
					<ObjectName>cs_brmod</ObjectName>
					<ObjectPriority>87</ObjectPriority>
					<StackSize>3976</StackSize>
					<StackFree>2932</StackFree>
					<StackSizeSV>0</StackSizeSV>
					<StackFreeSV>0</StackFreeSV>
				</ProfObject>
				<ProfObject ObjectId="0x1a57e44">
					<ObjectName>FBEthSend</ObjectName>
					<ObjectPriority>93</ObjectPriority>
					<StackSize>16264</StackSize>
					<StackFree>15080</StackFree>
					<StackSizeSV>0</StackSizeSV>
					<StackFreeSV>0</StackFreeSV>
				</ProfObject>
				<ProfObject ObjectId="0x1bde06c">
					<ObjectName>inaiqdrv</ObjectName>
					<ObjectPriority>88</ObjectPriority>
					<StackSize>8072</StackSize>
					<StackFree>7032</StackFree>
					<StackSizeSV>0</StackSizeSV>
					<StackFreeSV>0</StackFreeSV>
				</ProfObject>
				<ProfObject ObjectId="0x1bcce6c">
					<ObjectName>visu</ObjectName>
					<ObjectPriority>82</ObjectPriority>
					<StackSize>35884</StackSize>
					<StackFree>32448</StackFree>
					<StackSizeSV>0</StackSizeSV>
					<StackFreeSV>0</StackFreeSV>
				</ProfObject>
				<ProfObject ObjectId="0x1b7ab44">
					<ObjectName>PI_WRITE</ObjectName>
					<ObjectPriority>60</ObjectPriority>
					<StackSize>19880</StackSize>
					<StackFree>19632</StackFree>
					<StackSizeSV>0</StackSizeSV>
					<StackFreeSV>0</StackFreeSV>
				</ProfObject>
				<ProfObject ObjectId="0x1b97944">
					<ObjectName>t1</ObjectName>
					<ObjectPriority>225</ObjectPriority>
					<StackSize>888</StackSize>
					<StackFree>772</StackFree>
					<StackSizeSV>0</StackSizeSV>
					<StackFreeSV>0</StackFreeSV>
				</ProfObject>
				<ProfObject ObjectId="0x1a5c078">
					<ObjectName>FBEthReceive</ObjectName>
					<ObjectPriority>94</ObjectPriority>
					<StackSize>16260</StackSize>
					<StackFree>15228</StackFree>
					<StackSizeSV>0</StackSizeSV>
					<StackFreeSV>0</StackFreeSV>
				</ProfObject>
				<ProfObject ObjectId="0x1be3b70">
					<ObjectName>applader</ObjectName>
					<ObjectPriority>80</ObjectPriority>
					<StackSize>3976</StackSize>
					<StackFree>2824</StackFree>
					<StackSizeSV>0</StackSizeSV>
					<StackFreeSV>0</StackFreeSV>
				</ProfObject>
				<ProfObject ObjectId="0x1ed4d5c">
					<ObjectName>tPortmapd</ObjectName>
					<ObjectPriority>155</ObjectPriority>
					<StackSize>4988</StackSize>
					<StackFree>4472</StackFree>
					<StackSizeSV>0</StackSizeSV>
					<StackFreeSV>0</StackFreeSV>
				</ProfObject>
				<ProfObject ObjectId="0x1b95978">
					<ObjectName>SfEvHandler_46</ObjectName>
					<ObjectPriority>222</ObjectPriority>
					<StackSize>3972</StackSize>
					<StackFree>3580</StackFree>
					<StackSizeSV>0</StackSizeSV>
					<StackFreeSV>0</StackFreeSV>
				</ProfObject>
				<ProfObject ObjectId="0x1a51778">
					<ObjectName>TKIdleFiller</ObjectName>
					<ObjectPriority>3</ObjectPriority>
					<StackSize>900</StackSize>
					<StackFree>548</StackFree>
					<StackSizeSV>0</StackSizeSV>
					<StackFreeSV>0</StackFreeSV>
				</ProfObject>
				<ProfObject ObjectId="0x1ece6a0">
					<ObjectName>tFtpdTask</ObjectName>
					<ObjectPriority>200</ObjectPriority>
					<StackSize>11988</StackSize>
					<StackFree>11704</StackFree>
					<StackSizeSV>0</StackSizeSV>
					<StackFreeSV>0</StackFreeSV>
				</ProfObject>
				<ProfObject ObjectId="0x1e89680">
					<ObjectName>DD.VIRTUAL</ObjectName>
					<ObjectPriority>251</ObjectPriority>
					<StackSize>1012</StackSize>
					<StackFree>872</StackFree>
					<StackSizeSV>0</StackSizeSV>
					<StackFreeSV>0</StackFreeSV>
				</ProfObject>
				<ProfObject ObjectId="0x1e890a4">
					<ObjectName>tBAR_RTK</ObjectName>
					<ObjectPriority>55</ObjectPriority>
					<StackSize>2988</StackSize>
					<StackFree>1352</StackFree>
					<StackSizeSV>0</StackSizeSV>
					<StackFreeSV>0</StackFreeSV>
				</ProfObject>
				<ProfObject ObjectId="0x1bdf2a0">
					<ObjectName>canio</ObjectName>
					<ObjectPriority>235</ObjectPriority>
					<StackSize>3980</StackSize>
					<StackFree>3240</StackFree>
					<StackSizeSV>0</StackSizeSV>
					<StackFreeSV>0</StackFreeSV>
				</ProfObject>
				<ProfObject ObjectId="0x1b946a8">
					<ObjectName>_TEVCYCLIC_01bb2b10_0000c350</ObjectName>
					<ObjectPriority>88</ObjectPriority>
					<StackSize>884</StackSize>
					<StackFree>592</StackFree>
					<StackSizeSV>0</StackSizeSV>
					<StackFreeSV>0</StackFreeSV>
				</ProfObject>
				<ProfObject ObjectId="0x1a4d294">
					<ObjectName>IoSchedulerMain</ObjectName>
					<ObjectPriority>253</ObjectPriority>
					<StackSize>3972</StackSize>
					<StackFree>3572</StackFree>
					<StackSizeSV>0</StackSizeSV>
					<StackFreeSV>0</StackFreeSV>
				</ProfObject>
				<ProfObject ObjectId="0x1e668b0">
					<ObjectName>t5</ObjectName>
					<ObjectPriority>253</ObjectPriority>
					<StackSize>912</StackSize>
					<StackFree>584</StackFree>
					<StackSizeSV>0</StackSizeSV>
					<StackFreeSV>0</StackFreeSV>
				</ProfObject>
				<ProfObject ObjectId="0x1be4da4">
					<ObjectName>sysserv</ObjectName>
					<ObjectPriority>89</ObjectPriority>
					<StackSize>3980</StackSize>
					<StackFree>2900</StackFree>
					<StackSizeSV>0</StackSizeSV>
					<StackFreeSV>0</StackFreeSV>
				</ProfObject>
				<ProfObject ObjectId="0x1a52b84">
					<ObjectName>_TEVCYCLIC_01bb7214_00002710</ObjectName>
					<ObjectPriority>91</ObjectPriority>
					<StackSize>884</StackSize>
					<StackFree>568</StackFree>
					<StackSizeSV>0</StackSizeSV>
					<StackFreeSV>0</StackFreeSV>
				</ProfObject>
				<ProfObject ObjectId="0x1a5ff8c">
					<ObjectName>t4</ObjectName>
					<ObjectPriority>95</ObjectPriority>
					<StackSize>3984</StackSize>
					<StackFree>3768</StackFree>
					<StackSizeSV>0</StackSizeSV>
					<StackFreeSV>0</StackFreeSV>
				</ProfObject>
				<ProfObject ObjectId="0x1a51dac">
					<ObjectName>_TEVCYCLIC_01bdbe38_0000c350</ObjectName>
					<ObjectPriority>89</ObjectPriority>
					<StackSize>884</StackSize>
					<StackFree>588</StackFree>
					<StackSizeSV>0</StackSizeSV>
					<StackFreeSV>0</StackFreeSV>
				</ProfObject>
				<ProfObject ObjectId="0x1e6ad94">
					<ObjectName>ARRegNvHandler</ObjectName>
					<ObjectPriority>85</ObjectPriority>
					<StackSize>3972</StackSize>
					<StackFree>3672</StackFree>
					<StackSizeSV>0</StackSizeSV>
					<StackFreeSV>0</StackFreeSV>
				</ProfObject>
				<ProfObject ObjectId="0x1bed5b0">
					<ObjectName>IF3</ObjectName>
					<ObjectPriority>224</ObjectPriority>
					<StackSize>3984</StackSize>
					<StackFree>3440</StackFree>
					<StackSizeSV>0</StackSizeSV>
					<StackFreeSV>0</StackFreeSV>
				</ProfObject>
				<ProfObject ObjectId="0x1a5e6c4">
					<ObjectName>SfEvHandler_72</ObjectName>
					<ObjectPriority>222</ObjectPriority>
					<StackSize>3972</StackSize>
					<StackFree>3744</StackFree>
					<StackSizeSV>0</StackSizeSV>
					<StackFreeSV>0</StackFreeSV>
				</ProfObject>
				<ProfObject ObjectId="0x1bf02cc">
					<ObjectName>DatObjAlloc</ObjectName>
					<ObjectPriority>79</ObjectPriority>
					<StackSize>3976</StackSize>
					<StackFree>3712</StackFree>
					<StackSizeSV>0</StackSizeSV>
					<StackFreeSV>0</StackFreeSV>
				</ProfObject>
				<ProfObject ObjectId="0x1fd0cf4">
					<ObjectName>tExcTask</ObjectName>
					<ObjectPriority>255</ObjectPriority>
					<StackSize>7988</StackSize>
					<StackFree>7768</StackFree>
					<StackSizeSV>0</StackSizeSV>
					<StackFreeSV>0</StackFreeSV>
				</ProfObject>
				<ProfObject ObjectId="0x1be04d4">
					<ObjectName>profiler</ObjectName>
					<ObjectPriority>86</ObjectPriority>
					<StackSize>3976</StackSize>
					<StackFree>2648</StackFree>
					<StackSizeSV>0</StackSizeSV>
					<StackFreeSV>0</StackFreeSV>
				</ProfObject>
				<ProfObject ObjectId="0x1b971e0">
					<ObjectName>t2</ObjectName>
					<ObjectPriority>95</ObjectPriority>
					<StackSize>3984</StackSize>
					<StackFree>3168</StackFree>
					<StackSizeSV>0</StackSizeSV>
					<StackFreeSV>0</StackFreeSV>
				</ProfObject>
				<ProfObject ObjectId="0x1ee52fc">
					<ObjectName>tNetTask</ObjectName>
					<ObjectPriority>205</ObjectPriority>
					<StackSize>9988</StackSize>
					<StackFree>9172</StackFree>
					<StackSizeSV>0</StackSizeSV>
					<StackFreeSV>0</StackFreeSV>
				</ProfObject>
				<ProfObject ObjectId="0x1a510dc">
					<ObjectName>_TEVCYCLIC_01bd9c04_0000c350</ObjectName>
					<ObjectPriority>89</ObjectPriority>
					<StackSize>884</StackSize>
					<StackFree>596</StackFree>
					<StackSizeSV>0</StackSizeSV>
					<StackFreeSV>0</StackFreeSV>
				</ProfObject>
				<ProfObject ObjectId="0x1feede8">
					<ObjectName>RtcSync</ObjectName>
					<ObjectPriority>5</ObjectPriority>
					<StackSize>3980</StackSize>
					<StackFree>3664</StackFree>
					<StackSizeSV>0</StackSizeSV>
					<StackFreeSV>0</StackFreeSV>
				</ProfObject>
				<ProfObject ObjectId="0x1a523cc">
					<ObjectName>_TEVCYCLIC_01bde06c_0000c350</ObjectName>
					<ObjectPriority>89</ObjectPriority>
					<StackSize>884</StackSize>
					<StackFree>592</StackFree>
					<StackSizeSV>0</StackSizeSV>
					<StackFreeSV>0</StackFreeSV>
				</ProfObject>
				<ProfObject ObjectId="0x1fce3f0">
					<ObjectName>tLogTask</ObjectName>
					<ObjectPriority>255</ObjectPriority>
					<StackSize>4988</StackSize>
					<StackFree>4760</StackFree>
					<StackSizeSV>0</StackSizeSV>
					<StackFreeSV>0</StackFreeSV>
				</ProfObject>
				<ProfObject ObjectId="0x1e6e3dc">
					<ObjectName>NvFlushHandler</ObjectName>
					<ObjectPriority>85</ObjectPriority>
					<StackSize>3972</StackSize>
					<StackFree>1880</StackFree>
					<StackSizeSV>0</StackSizeSV>
					<StackFreeSV>0</StackFreeSV>
				</ProfObject>
				<ProfObject ObjectId="0x1be5fd8">
					<ObjectName>sysman</ObjectName>
					<ObjectPriority>220</ObjectPriority>
					<StackSize>3980</StackSize>
					<StackFree>2684</StackFree>
					<StackSizeSV>0</StackSizeSV>
					<StackFreeSV>0</StackFreeSV>
				</ProfObject>
				<ProfObject ObjectId="0x199d6a0">
					<ObjectName>IDLE</ObjectName>
					<ObjectPriority>1</ObjectPriority>
					<StackSize>1932</StackSize>
					<StackFree>1892</StackFree>
					<StackSizeSV>0</StackSizeSV>
					<StackFreeSV>0</StackFreeSV>
				</ProfObject>
			</Objects>
		</ProfiledObj>
		<Logging CONTENT="Data-Module: Logging">
			<Entries>
			</Entries>
		</Logging>
	</Data>
	<Interpretation CONTENT="Logging-Results">
		<Version>2</Version>
		<Calculation>
			<Result>
				<ObjectName>TK #2</ObjectName>
				<CallCnt>67</CallCnt>
				<NettoMaxTime>1092.00</NettoMaxTime>
				<NettoMinTime>1073.00</NettoMinTime>
				<NettoAverageTime>1080.28</NettoAverageTime>
				<BruttoMaxTime>1217.00</BruttoMaxTime>
				<BruttoMinTime>1199.00</BruttoMinTime>
				<BruttoAverageTime>1206.82</BruttoAverageTime>
				<CpuUsage>5.42</CpuUsage>
			</Result>
			<Result>
				<ObjectName>hs_loop</ObjectName>
				<CallCnt>67</CallCnt>
				<NettoMaxTime>143.00</NettoMaxTime>
				<NettoMinTime>140.00</NettoMinTime>
				<NettoAverageTime>141.40</NettoAverageTime>
				<BruttoMaxTime>143.00</BruttoMaxTime>
				<BruttoMinTime>140.00</BruttoMinTime>
				<BruttoAverageTime>141.40</BruttoAverageTime>
				<CpuUsage>0.71</CpuUsage>
			</Result>
			<Result>
				<ObjectName>mp_bms</ObjectName>
				<CallCnt>67</CallCnt>
				<NettoMaxTime>233.00</NettoMaxTime>
				<NettoMinTime>222.00</NettoMinTime>
				<NettoAverageTime>230.79</NettoAverageTime>
				<BruttoMaxTime>233.00</BruttoMaxTime>
				<BruttoMinTime>222.00</BruttoMinTime>
				<BruttoAverageTime>230.79</BruttoAverageTime>
				<CpuUsage>1.16</CpuUsage>
			</Result>
			<Result>
				<ObjectName>hs_fire</ObjectName>
				<CallCnt>67</CallCnt>
				<NettoMaxTime>189.00</NettoMaxTime>
				<NettoMinTime>105.00</NettoMinTime>
				<NettoAverageTime>132.49</NettoAverageTime>
				<BruttoMaxTime>315.00</BruttoMaxTime>
				<BruttoMinTime>105.00</BruttoMinTime>
				<BruttoAverageTime>175.79</BruttoAverageTime>
				<CpuUsage>0.67</CpuUsage>
			</Result>
			<Result>
				<ObjectName>ip_mgr</ObjectName>
				<CallCnt>67</CallCnt>
				<NettoMaxTime>141.00</NettoMaxTime>
				<NettoMinTime>138.00</NettoMinTime>
				<NettoAverageTime>139.03</NettoAverageTime>
				<BruttoMaxTime>141.00</BruttoMaxTime>
				<BruttoMinTime>138.00</BruttoMinTime>
				<BruttoAverageTime>139.03</BruttoAverageTime>
				<CpuUsage>0.70</CpuUsage>
			</Result>
			<Result>
				<ObjectName>hs_eco</ObjectName>
				<CallCnt>67</CallCnt>
				<NettoMaxTime>154.00</NettoMaxTime>
				<NettoMinTime>69.00</NettoMinTime>
				<NettoAverageTime>113.18</NettoAverageTime>
				<BruttoMaxTime>282.00</BruttoMaxTime>
				<BruttoMinTime>69.00</BruttoMinTime>
				<BruttoAverageTime>185.09</BruttoAverageTime>
				<CpuUsage>0.57</CpuUsage>
			</Result>
			<Result>
				<ObjectName>hs_mgr</ObjectName>
				<CallCnt>67</CallCnt>
				<NettoMaxTime>93.00</NettoMaxTime>
				<NettoMinTime>91.00</NettoMinTime>
				<NettoAverageTime>92.13</NettoAverageTime>
				<BruttoMaxTime>93.00</BruttoMaxTime>
				<BruttoMinTime>91.00</BruttoMinTime>
				<BruttoAverageTime>92.13</BruttoAverageTime>
				<CpuUsage>0.46</CpuUsage>
			</Result>
			<Result>
				<ObjectName>TK #4</ObjectName>
				<CallCnt>13</CallCnt>
				<NettoMaxTime>112.00</NettoMaxTime>
				<NettoMinTime>110.00</NettoMinTime>
				<NettoAverageTime>110.85</NettoAverageTime>
				<BruttoMaxTime>112.00</BruttoMaxTime>
				<BruttoMinTime>110.00</BruttoMinTime>
				<BruttoAverageTime>110.85</BruttoAverageTime>
				<CpuUsage>0.11</CpuUsage>
			</Result>
			<Result>
				<ObjectName>ddmodem</ObjectName>
				<CallCnt>13</CallCnt>
				<NettoMaxTime>34.00</NettoMaxTime>
				<NettoMinTime>33.00</NettoMinTime>
				<NettoAverageTime>33.69</NettoAverageTime>
				<BruttoMaxTime>34.00</BruttoMaxTime>
				<BruttoMinTime>33.00</BruttoMinTime>
				<BruttoAverageTime>33.69</BruttoAverageTime>
				<CpuUsage>0.03</CpuUsage>
			</Result>
			<Result>
				<ObjectName>TK #5</ObjectName>
				<CallCnt>27</CallCnt>
				<NettoMaxTime>180.00</NettoMaxTime>
				<NettoMinTime>135.00</NettoMinTime>
				<NettoAverageTime>141.85</NettoAverageTime>
				<BruttoMaxTime>474.00</BruttoMaxTime>
				<BruttoMinTime>135.00</BruttoMinTime>
				<BruttoAverageTime>152.74</BruttoAverageTime>
				<CpuUsage>0.29</CpuUsage>
			</Result>
			<Result>
				<ObjectName>hs_trend</ObjectName>
				<CallCnt>27</CallCnt>
				<NettoMaxTime>46.00</NettoMaxTime>
				<NettoMinTime>43.00</NettoMinTime>
				<NettoAverageTime>44.59</NettoAverageTime>
				<BruttoMaxTime>46.00</BruttoMaxTime>
				<BruttoMinTime>43.00</BruttoMinTime>
				<BruttoAverageTime>44.59</BruttoAverageTime>
				<CpuUsage>0.09</CpuUsage>
			</Result>
			<Result>
				<ObjectName>isaiqdrv</ObjectName>
				<CallCnt>27</CallCnt>
				<NettoMaxTime>40.00</NettoMaxTime>
				<NettoMinTime>33.00</NettoMinTime>
				<NettoAverageTime>36.33</NettoAverageTime>
				<BruttoMaxTime>40.00</BruttoMaxTime>
				<BruttoMinTime>33.00</BruttoMinTime>
				<BruttoAverageTime>36.33</BruttoAverageTime>
				<CpuUsage>0.07</CpuUsage>
			</Result>
			<Result>
				<ObjectName>visuAT</ObjectName>
				<CallCnt>6</CallCnt>
				<NettoMaxTime>604.00</NettoMaxTime>
				<NettoMinTime>400.00</NettoMinTime>
				<NettoAverageTime>569.83</NettoAverageTime>
				<BruttoMaxTime>604.00</BruttoMaxTime>
				<BruttoMinTime>400.00</BruttoMinTime>
				<BruttoAverageTime>569.83</BruttoAverageTime>
				<CpuUsage>0.26</CpuUsage>
			</Result>
			<Result>
				<ObjectName>InaEvChk</ObjectName>
				<CallCnt>134</CallCnt>
				<NettoMaxTime>45.00</NettoMaxTime>
				<NettoMinTime>34.00</NettoMinTime>
				<NettoAverageTime>37.78</NettoAverageTime>
				<BruttoMaxTime>45.00</BruttoMaxTime>
				<BruttoMinTime>34.00</BruttoMinTime>
				<BruttoAverageTime>37.78</BruttoAverageTime>
				<CpuUsage>0.38</CpuUsage>
			</Result>
			<Result>
				<ObjectName>arou</ObjectName>
				<CallCnt>144</CallCnt>
				<NettoMaxTime>453.00</NettoMaxTime>
				<NettoMinTime>37.00</NettoMinTime>
				<NettoAverageTime>77.47</NettoAverageTime>
				<BruttoMaxTime>2342.00</BruttoMaxTime>
				<BruttoMinTime>37.00</BruttoMinTime>
				<BruttoAverageTime>142.97</BruttoAverageTime>
				<CpuUsage>0.84</CpuUsage>
			</Result>
			<Result>
				<ObjectName>lociqdrv</ObjectName>
				<CallCnt>27</CallCnt>
				<NettoMaxTime>34.00</NettoMaxTime>
				<NettoMinTime>31.00</NettoMinTime>
				<NettoAverageTime>32.74</NettoAverageTime>
				<BruttoMaxTime>34.00</BruttoMaxTime>
				<BruttoMinTime>31.00</BruttoMinTime>
				<BruttoAverageTime>32.74</BruttoAverageTime>
				<CpuUsage>0.07</CpuUsage>
			</Result>
			<Result>
				<ObjectName>tDcacheUpd</ObjectName>
				<CallCnt>6</CallCnt>
				<NettoMaxTime>538.00</NettoMaxTime>
				<NettoMinTime>385.00</NettoMinTime>
				<NettoAverageTime>420.67</NettoAverageTime>
				<BruttoMaxTime>538.00</BruttoMaxTime>
				<BruttoMinTime>385.00</BruttoMinTime>
				<BruttoAverageTime>434.50</BruttoAverageTime>
				<CpuUsage>0.19</CpuUsage>
			</Result>
			<Result>
				<ObjectName>_TEVCYCLIC_01a509dc_00002710</ObjectName>
				<CallCnt>134</CallCnt>
				<NettoMaxTime>81.00</NettoMaxTime>
				<NettoMinTime>34.00</NettoMinTime>
				<NettoAverageTime>41.20</NettoAverageTime>
				<BruttoMaxTime>162.00</BruttoMaxTime>
				<BruttoMinTime>34.00</BruttoMinTime>
				<BruttoAverageTime>41.81</BruttoAverageTime>
				<CpuUsage>0.41</CpuUsage>
			</Result>
			<Result>
				<ObjectName>KeyManager_visu</ObjectName>
				<CallCnt>27</CallCnt>
				<NettoMaxTime>80.00</NettoMaxTime>
				<NettoMinTime>51.00</NettoMinTime>
				<NettoAverageTime>54.41</NettoAverageTime>
				<BruttoMaxTime>211.00</BruttoMaxTime>
				<BruttoMinTime>51.00</BruttoMinTime>
				<BruttoAverageTime>59.26</BruttoAverageTime>
				<CpuUsage>0.11</CpuUsage>
			</Result>
			<Result>
				<ObjectName>_TEVCYCLIC_01bcce6c_000186a0</ObjectName>
				<CallCnt>14</CallCnt>
				<NettoMaxTime>46.00</NettoMaxTime>
				<NettoMinTime>34.00</NettoMinTime>
				<NettoAverageTime>38.64</NettoAverageTime>
				<BruttoMaxTime>46.00</BruttoMaxTime>
				<BruttoMinTime>34.00</BruttoMinTime>
				<BruttoAverageTime>38.64</BruttoAverageTime>
				<CpuUsage>0.04</CpuUsage>
			</Result>
			<Result>
				<ObjectName>_TEVCYCLIC_01bcce6c_000f4240</ObjectName>
				<CallCnt>2</CallCnt>
				<NettoMaxTime>46.00</NettoMaxTime>
				<NettoMinTime>46.00</NettoMinTime>
				<NettoAverageTime>46.00</NettoAverageTime>
				<BruttoMaxTime>46.00</BruttoMaxTime>
				<BruttoMinTime>46.00</BruttoMinTime>
				<BruttoAverageTime>46.00</BruttoAverageTime>
				<CpuUsage>0.01</CpuUsage>
			</Result>
			<Result>
				<ObjectName>ROOT</ObjectName>
				<CallCnt>134</CallCnt>
				<NettoMaxTime>45.00</NettoMaxTime>
				<NettoMinTime>32.00</NettoMinTime>
				<NettoAverageTime>34.33</NettoAverageTime>
				<BruttoMaxTime>45.00</BruttoMaxTime>
				<BruttoMinTime>32.00</BruttoMinTime>
				<BruttoAverageTime>34.33</BruttoAverageTime>
				<CpuUsage>0.34</CpuUsage>
			</Result>
			<Result>
				<ObjectName>cs_brmod</ObjectName>
				<CallCnt>1</CallCnt>
				<NettoMaxTime>330.00</NettoMaxTime>
				<NettoMinTime>330.00</NettoMinTime>
				<NettoAverageTime>330.00</NettoAverageTime>
				<BruttoMaxTime>1192.00</BruttoMaxTime>
				<BruttoMinTime>1192.00</BruttoMinTime>
				<BruttoAverageTime>1192.00</BruttoAverageTime>
				<CpuUsage>0.02</CpuUsage>
			</Result>
			<Result>
				<ObjectName>FBEthSend</ObjectName>
				<CallCnt>12</CallCnt>
				<NettoMaxTime>533.00</NettoMaxTime>
				<NettoMinTime>444.00</NettoMinTime>
				<NettoAverageTime>483.25</NettoAverageTime>
				<BruttoMaxTime>1982.00</BruttoMaxTime>
				<BruttoMinTime>458.00</BruttoMinTime>
				<BruttoAverageTime>686.67</BruttoAverageTime>
				<CpuUsage>0.43</CpuUsage>
			</Result>
			<Result>
				<ObjectName>inaiqdrv</ObjectName>
				<CallCnt>27</CallCnt>
				<NettoMaxTime>80.00</NettoMaxTime>
				<NettoMinTime>73.00</NettoMinTime>
				<NettoAverageTime>77.52</NettoAverageTime>
				<BruttoMaxTime>80.00</BruttoMaxTime>
				<BruttoMinTime>73.00</BruttoMinTime>
				<BruttoAverageTime>77.52</BruttoAverageTime>
				<CpuUsage>0.16</CpuUsage>
			</Result>
			<Result>
				<ObjectName>visu</ObjectName>
				<CallCnt>16</CallCnt>
				<NettoMaxTime>1719.00</NettoMaxTime>
				<NettoMinTime>213.00</NettoMinTime>
				<NettoAverageTime>655.56</NettoAverageTime>
				<BruttoMaxTime>1827.00</BruttoMaxTime>
				<BruttoMinTime>213.00</BruttoMinTime>
				<BruttoAverageTime>683.88</BruttoAverageTime>
				<CpuUsage>0.79</CpuUsage>
			</Result>
			<Result>
				<ObjectName>FBEthReceive</ObjectName>
				<CallCnt>12</CallCnt>
				<NettoMaxTime>242.00</NettoMaxTime>
				<NettoMinTime>172.00</NettoMinTime>
				<NettoAverageTime>181.17</NettoAverageTime>
				<BruttoMaxTime>394.00</BruttoMaxTime>
				<BruttoMinTime>172.00</BruttoMinTime>
				<BruttoAverageTime>193.83</BruttoAverageTime>
				<CpuUsage>0.16</CpuUsage>
			</Result>
			<Result>
				<ObjectName>TKIdleFiller</ObjectName>
				<CallCnt>1</CallCnt>
				<NettoMaxTime>57520.00</NettoMaxTime>
				<NettoMinTime>57520.00</NettoMinTime>
				<NettoAverageTime>57520.00</NettoAverageTime>
				<BruttoMaxTime>57520.00</BruttoMaxTime>
				<BruttoMinTime>57520.00</BruttoMinTime>
				<BruttoAverageTime>57520.00</BruttoAverageTime>
				<CpuUsage>4.31</CpuUsage>
			</Result>
			<Result>
				<ObjectName>canio</ObjectName>
				<CallCnt>134</CallCnt>
				<NettoMaxTime>233.00</NettoMaxTime>
				<NettoMinTime>41.00</NettoMinTime>
				<NettoAverageTime>53.01</NettoAverageTime>
				<BruttoMaxTime>233.00</BruttoMaxTime>
				<BruttoMinTime>41.00</BruttoMinTime>
				<BruttoAverageTime>53.01</BruttoAverageTime>
				<CpuUsage>0.53</CpuUsage>
			</Result>
			<Result>
				<ObjectName>_TEVCYCLIC_01bb2b10_0000c350</ObjectName>
				<CallCnt>27</CallCnt>
				<NettoMaxTime>96.00</NettoMaxTime>
				<NettoMinTime>40.00</NettoMinTime>
				<NettoAverageTime>44.67</NettoAverageTime>
				<BruttoMaxTime>190.00</BruttoMaxTime>
				<BruttoMinTime>40.00</BruttoMinTime>
				<BruttoAverageTime>48.15</BruttoAverageTime>
				<CpuUsage>0.09</CpuUsage>
			</Result>
			<Result>
				<ObjectName>IoSchedulerMain</ObjectName>
				<CallCnt>1335</CallCnt>
				<NettoMaxTime>141.00</NettoMaxTime>
				<NettoMinTime>30.00</NettoMinTime>
				<NettoAverageTime>47.64</NettoAverageTime>
				<BruttoMaxTime>211.00</BruttoMaxTime>
				<BruttoMinTime>30.00</BruttoMinTime>
				<BruttoAverageTime>47.78</BruttoAverageTime>
				<CpuUsage>4.77</CpuUsage>
			</Result>
			<Result>
				<ObjectName>t5</ObjectName>
				<CallCnt>1335</CallCnt>
				<NettoMaxTime>71.00</NettoMaxTime>
				<NettoMinTime>27.00</NettoMinTime>
				<NettoAverageTime>34.06</NettoAverageTime>
				<BruttoMaxTime>202.00</BruttoMaxTime>
				<BruttoMinTime>27.00</BruttoMinTime>
				<BruttoAverageTime>34.16</BruttoAverageTime>
				<CpuUsage>3.41</CpuUsage>
			</Result>
			<Result>
				<ObjectName>_TEVCYCLIC_01bb7214_00002710</ObjectName>
				<CallCnt>133</CallCnt>
				<NettoMaxTime>51.00</NettoMaxTime>
				<NettoMinTime>32.00</NettoMinTime>
				<NettoAverageTime>39.90</NettoAverageTime>
				<BruttoMaxTime>51.00</BruttoMaxTime>
				<BruttoMinTime>32.00</BruttoMinTime>
				<BruttoAverageTime>39.90</BruttoAverageTime>
				<CpuUsage>0.40</CpuUsage>
			</Result>
			<Result>
				<ObjectName>_TEVCYCLIC_01bdbe38_0000c350</ObjectName>
				<CallCnt>27</CallCnt>
				<NettoMaxTime>41.00</NettoMaxTime>
				<NettoMinTime>38.00</NettoMinTime>
				<NettoAverageTime>39.41</NettoAverageTime>
				<BruttoMaxTime>41.00</BruttoMaxTime>
				<BruttoMinTime>38.00</BruttoMinTime>
				<BruttoAverageTime>39.41</BruttoAverageTime>
				<CpuUsage>0.08</CpuUsage>
			</Result>
			<Result>
				<ObjectName>IF3</ObjectName>
				<CallCnt>20</CallCnt>
				<NettoMaxTime>111.00</NettoMaxTime>
				<NettoMinTime>66.00</NettoMinTime>
				<NettoAverageTime>90.25</NettoAverageTime>
				<BruttoMaxTime>111.00</BruttoMaxTime>
				<BruttoMinTime>66.00</BruttoMinTime>
				<BruttoAverageTime>90.25</BruttoAverageTime>
				<CpuUsage>0.14</CpuUsage>
			</Result>
			<Result>
				<ObjectName>profiler</ObjectName>
				<CallCnt>2</CallCnt>
				<NettoMaxTime>433.00</NettoMaxTime>
				<NettoMinTime>352.00</NettoMinTime>
				<NettoAverageTime>392.50</NettoAverageTime>
				<BruttoMaxTime>1554.00</BruttoMaxTime>
				<BruttoMinTime>1244.00</BruttoMinTime>
				<BruttoAverageTime>1399.00</BruttoAverageTime>
				<CpuUsage>0.06</CpuUsage>
			</Result>
			<Result>
				<ObjectName>tNetTask</ObjectName>
				<CallCnt>21</CallCnt>
				<NettoMaxTime>374.00</NettoMaxTime>
				<NettoMinTime>80.00</NettoMinTime>
				<NettoAverageTime>219.05</NettoAverageTime>
				<BruttoMaxTime>616.00</BruttoMaxTime>
				<BruttoMinTime>80.00</BruttoMinTime>
				<BruttoAverageTime>236.52</BruttoAverageTime>
				<CpuUsage>0.34</CpuUsage>
			</Result>
			<Result>
				<ObjectName>_TEVCYCLIC_01bd9c04_0000c350</ObjectName>
				<CallCnt>27</CallCnt>
				<NettoMaxTime>52.00</NettoMaxTime>
				<NettoMinTime>38.00</NettoMinTime>
				<NettoAverageTime>41.74</NettoAverageTime>
				<BruttoMaxTime>52.00</BruttoMaxTime>
				<BruttoMinTime>38.00</BruttoMinTime>
				<BruttoAverageTime>41.74</BruttoAverageTime>
				<CpuUsage>0.08</CpuUsage>
			</Result>
			<Result>
				<ObjectName>_TEVCYCLIC_01bde06c_0000c350</ObjectName>
				<CallCnt>27</CallCnt>
				<NettoMaxTime>63.00</NettoMaxTime>
				<NettoMinTime>39.00</NettoMinTime>
				<NettoAverageTime>45.96</NettoAverageTime>
				<BruttoMaxTime>63.00</BruttoMaxTime>
				<BruttoMinTime>39.00</BruttoMinTime>
				<BruttoAverageTime>45.96</BruttoAverageTime>
				<CpuUsage>0.09</CpuUsage>
			</Result>
			<Result>
				<ObjectName>sysman</ObjectName>
				<CallCnt>133</CallCnt>
				<NettoMaxTime>260.00</NettoMaxTime>
				<NettoMinTime>88.00</NettoMinTime>
				<NettoAverageTime>129.82</NettoAverageTime>
				<BruttoMaxTime>414.00</BruttoMaxTime>
				<BruttoMinTime>88.00</BruttoMinTime>
				<BruttoAverageTime>131.55</BruttoAverageTime>
				<CpuUsage>1.29</CpuUsage>
			</Result>
			<Result>
				<ObjectName>Interrupt 9</ObjectName>
				<CallCnt>24</CallCnt>
				<NettoMaxTime>66.00</NettoMaxTime>
				<NettoMinTime>31.00</NettoMinTime>
				<NettoAverageTime>47.38</NettoAverageTime>
				<BruttoMaxTime>66.00</BruttoMaxTime>
				<BruttoMinTime>31.00</BruttoMinTime>
				<BruttoAverageTime>47.38</BruttoAverageTime>
				<CpuUsage>0.09</CpuUsage>
			</Result>
			<Result>
				<ObjectName>Interrupt 10</ObjectName>
				<CallCnt>20</CallCnt>
				<NettoMaxTime>158.00</NettoMaxTime>
				<NettoMinTime>100.00</NettoMinTime>
				<NettoAverageTime>128.35</NettoAverageTime>
				<BruttoMaxTime>158.00</BruttoMaxTime>
				<BruttoMinTime>100.00</BruttoMinTime>
				<BruttoAverageTime>128.35</BruttoAverageTime>
				<CpuUsage>0.19</CpuUsage>
			</Result>
			<Result>
				<ObjectName>IDLE</ObjectName>
				<CallCnt>1</CallCnt>
				<NettoMaxTime>987535.00</NettoMaxTime>
				<NettoMinTime>987535.00</NettoMinTime>
				<NettoAverageTime>987535.00</NettoAverageTime>
				<BruttoMaxTime>987535.00</BruttoMaxTime>
				<BruttoMinTime>987535.00</BruttoMinTime>
				<BruttoAverageTime>987535.00</BruttoAverageTime>
				<CpuUsage>74.00</CpuUsage>
			</Result>
		</Calculation>
	</Interpretation>
</Profiler>
