<?xml version="1.0"?>
<tree xmlns:dt="urn:schemas-microsoft-com:datatypes"><n ID="CYCLICSYSTEM"><d ID="SystemTick" dt:dt="ui4">1000</d><d ID="TimerDevice" dt:dt="string">SWIOTIMER</d><n ID="CYCLICSYSTEM/IDLETIME"><d ID="CycleTime" dt:dt="ui4">20000</d><d ID="IdleTime" dt:dt="ui4">1000</d><d ID="FirstTaskClassAffected" dt:dt="ui4">2</d></n><n ID="CYCLICSYSTEM/TASKCLASSES"><n ID="CYCLICSYSTEM/TASKCLASSES/TC#1"><d ID="CycleTime" dt:dt="ui4">10000</d><d ID="Priority" dt:dt="ui4">230</d><d ID="Tolerance" dt:dt="ui4">10000</d><d ID="Stack" dt:dt="ui4">8192</d></n><n ID="CYCLICSYSTEM/TASKCLASSES/TC#2"><d ID="CycleTime" dt:dt="ui4">20000</d><d ID="Priority" dt:dt="ui4">218</d><d ID="Tolerance" dt:dt="ui4">20000</d><d ID="Stack" dt:dt="ui4">8192</d></n><n ID="CYCLICSYSTEM/TASKCLASSES/TC#3"><d ID="CycleTime" dt:dt="ui4">50000</d><d ID="Priority" dt:dt="ui4">200</d><d ID="Tolerance" dt:dt="ui4">50000</d><d ID="Stack" dt:dt="ui4">8192</d></n><n ID="CYCLICSYSTEM/TASKCLASSES/TC#4"><d ID="CycleTime" dt:dt="ui4">100000</d><d ID="Priority" dt:dt="ui4">198</d><d ID="Tolerance" dt:dt="ui4">100000</d><d ID="Stack" dt:dt="ui4">8192</d></n><n ID="CYCLICSYSTEM/TASKCLASSES/TC#5"><d ID="CycleTime" dt:dt="ui4">50000</d><d ID="Priority" dt:dt="ui4">196</d><d ID="Tolerance" dt:dt="ui4">30000000</d><d ID="Stack" dt:dt="ui4">8192</d></n></n></n><n ID="INA2000"><d ID="Connections" dt:dt="ui4">8</d><d ID="FastCommunication" dt:dt="ui4">1</d></n><n ID="BOOTPROPERTIES"><d ID="AfterReset" dt:dt="ui4">1</d><d ID="AfterPowerFail" dt:dt="ui4">1</d><d ID="DisableFtpServer" dt:dt="ui4">0</d><d ID="CsAfterMemCheck" dt:dt="ui4">0</d></n><n ID="DEVICES"><n ID="DEVICES/DISK_C"><d ID="DDriverName" dt:dt="string">DdVxFiLowio</d><d ID="DDriverType" dt:dt="ui4">5</d><d ID="StartMode" dt:dt="ui4">1</d><d ID="DeviceParam" dt:dt="string">/DEVICE=C:\</d></n><n ID="DEVICES/SWIOTIMER"><d ID="DDriverName" dt:dt="string">DdxxSWIOT</d><d ID="DDriverType" dt:dt="ui4">11</d><d ID="StartMode" dt:dt="ui4">1</d><d ID="DeviceParam" dt:dt="string">/CYCLE=1000</d></n></n><n ID="GLOBALPV"><d ID="VolatileSize" dt:dt="ui4">5500</d><d ID="RemanentSize" dt:dt="ui4">0</d><d ID="PermanentSize" dt:dt="ui4">0</d></n><n ID="SYSTEMTABLES"><d ID="CyclicTasks" dt:dt="ui4">150</d><d ID="NonCycUsrTasks" dt:dt="ui4">2</d><d ID="NonCycSysTasks" dt:dt="ui4">32</d><d ID="PvTables" dt:dt="ui4">150</d><d ID="BRModules" dt:dt="ui4">200</d></n><n ID="IOIMG"><d ID="MemSize" dt:dt="ui4">262140</d></n></tree>
